Timestamp,Pose Confidence,Head X,Head Y,Head Z,Head Confidence,Left Shoulder X,Left Shoulder Y,Left Shoulder Z,Left Shoulder Confidence,Right Shoulder X,Right Shoulder Y,Right Shoulder Z,Right Shoulder Confidence,Left Hip X,Left Hip Y,Left Hip Z,Left Hip Confidence,Right Hip X,Right Hip Y,Right Hip Z,Right Hip Confidence,Detecte Movement
1767366557542,52,0.567132830619812,0.6967670917510986,-2.02229380607605,0.9992445707321167,0.5346087217330933,0.5902431011199951,-2.0269787311553955,0.9987792372703552,0.6183153390884399,0.6046502590179443,-1.3757845163345337,0.9975844621658325,0.5114624500274658,0.7647375464439392,-1.845831274986267,0.9995678067207336,0.7673746347427368,1.1173373460769653,-0.1051163449883461,0.14940722286701202,AUCUN
1767366557564,52,0.567132830619812,0.6967670917510986,-2.02229380607605,0.9992445707321167,0.5346087217330933,0.5902431011199951,-2.0269787311553955,0.9987792372703552,0.6183153390884399,0.6046502590179443,-1.3757845163345337,0.9975844621658325,0.5114624500274658,0.7647375464439392,-1.845831274986267,0.9995678067207336,0.7673746347427368,1.1173373460769653,-0.1051163449883461,0.14940722286701202,EXPRESSION_TRISTESSE
1767366557565,52,0.5563222765922546,0.7186962366104126,-1.8598235845565796,0.9992824196815491,0.5209141373634338,0.6155741214752197,-1.865869164466858,0.9988511800765991,0.627998948097229,0.618709921836853,-1.3159406185150146,0.9977417588233948,0.5014577507972717,0.7844316363334656,-1.6814273595809937,0.9995875954627991,0.7675612568855286,1.2357430458068848,-0.25585025548934937,0.14487774670124054,EXPRESSION_TRISTESSE
1767366557697,52,0.5563222765922546,0.7186962366104126,-1.8598235845565796,0.9992824196815491,0.5209141373634338,0.6155741214752197,-1.865869164466858,0.9988511800765991,0.627998948097229,0.618709921836853,-1.3159406185150146,0.9977417588233948,0.5014577507972717,0.7844316363334656,-1.6814273595809937,0.9995875954627991,0.7675612568855286,1.2357430458068848,-0.25585025548934937,0.14487774670124054,EXPRESSION_TRISTESSE
1767366557698,52,0.5429854989051819,0.7236701250076294,-2.3729496002197266,0.999342679977417,0.5107120871543884,0.6155312061309814,-2.3744235038757324,0.9989506006240845,0.6284152269363403,0.6200591921806335,-1.7856838703155518,0.9979228377342224,0.48491987586021423,0.7874137759208679,-2.1918785572052,0.9996185302734375,0.7688143849372864,1.240343451499939,-0.3881456255912781,0.15310260653495789,EXPRESSION_TRISTESSE
1767366557806,52,0.5429854989051819,0.7236701250076294,-2.3729496002197266,0.999342679977417,0.5107120871543884,0.6155312061309814,-2.3744235038757324,0.9989506006240845,0.6284152269363403,0.6200591921806335,-1.7856838703155518,0.9979228377342224,0.48491987586021423,0.7874137759208679,-2.1918785572052,0.9996185302734375,0.7688143849372864,1.240343451499939,-0.3881456255912781,0.15310260653495789,EXPRESSION_TRISTESSE
1767366557806,53,0.5421807169914246,0.7238124012947083,-2.420341730117798,0.9993987083435059,0.5106576681137085,0.6144325733184814,-2.418951988220215,0.9990429282188416,0.628520131111145,0.6201428771018982,-1.8117849826812744,0.9980916380882263,0.4830705523490906,0.7876006960868835,-2.236478328704834,0.9996484518051147,0.7688059210777283,1.2396870851516724,-0.3865911364555359,0.1600285768508911,EXPRESSION_TRISTESSE
1767366557908,53,0.5421807169914246,0.7238124012947083,-2.420341730117798,0.9993987083435059,0.5106576681137085,0.6144325733184814,-2.418951988220215,0.9990429282188416,0.628520131111145,0.6201428771018982,-1.8117849826812744,0.9980916380882263,0.4830705523490906,0.7876006960868835,-2.236478328704834,0.9996484518051147,0.7688059210777283,1.2396870851516724,-0.3865911364555359,0.1600285768508911,EXPRESSION_TRISTESSE
1767366557909,53,0.5417736768722534,0.7237212061882019,-2.4621787071228027,0.9994474053382874,0.5101562738418579,0.6133947968482971,-2.4592719078063965,0.9991232752799988,0.6286903023719788,0.6195875406265259,-1.844399094581604,0.9982340335845947,0.48278969526290894,0.7877066135406494,-2.275421619415283,0.9996733069419861,0.7689929008483887,1.243538498878479,-0.49521955847740173,0.1613265722990036,EXPRESSION_TRISTESSE
1767366557988,53,0.5417736768722534,0.7237212061882019,-2.4621787071228027,0.9994474053382874,0.5101562738418579,0.6133947968482971,-2.4592719078063965,0.9991232752799988,0.6286903023719788,0.6195875406265259,-1.844399094581604,0.9982340335845947,0.48278969526290894,0.7877066135406494,-2.275421619415283,0.9996733069419861,0.7689929008483887,1.243538498878479,-0.49521955847740173,0.1613265722990036,EXPRESSION_TRISTESSE
1767366557988,53,0.541969895362854,0.7226082682609558,-2.469635248184204,0.9994792342185974,0.5102881789207458,0.61234450340271,-2.468034267425537,0.9991806745529175,0.6289316415786743,0.6191781163215637,-1.856960654258728,0.9983094334602356,0.4831511974334717,0.7867500185966492,-2.284122943878174,0.9996856451034546,0.7720328569412231,1.2463743686676025,-0.5562421083450317,0.1612863391637802,EXPRESSION_TRISTESSE
1767366558067,53,0.541969895362854,0.7226082682609558,-2.469635248184204,0.9994792342185974,0.5102881789207458,0.61234450340271,-2.468034267425537,0.9991806745529175,0.6289316415786743,0.6191781163215637,-1.856960654258728,0.9983094334602356,0.4831511974334717,0.7867500185966492,-2.284122943878174,0.9996856451034546,0.7720328569412231,1.2463743686676025,-0.5562421083450317,0.1612863391637802,EXPRESSION_TRISTESSE
1767366558067,53,0.5411896109580994,0.7231692671775818,-2.414324998855591,0.9995186924934387,0.5099106431007385,0.6123643517494202,-2.41456937789917,0.9992462396621704,0.6289995908737183,0.6192466020584106,-1.8401405811309814,0.9984283447265625,0.4825502336025238,0.7872777581214905,-2.23545503616333,0.9997060298919678,0.7720585465431213,1.2505332231521606,-0.5175498723983765,0.1636197566986084,EXPRESSION_TRISTESSE
1767366558147,53,0.5411896109580994,0.7231692671775818,-2.414324998855591,0.9995186924934387,0.5099106431007385,0.6123643517494202,-2.41456937789917,0.9992462396621704,0.6289995908737183,0.6192466020584106,-1.8401405811309814,0.9984283447265625,0.4825502336025238,0.7872777581214905,-2.23545503616333,0.9997060298919678,0.7720585465431213,1.2505332231521606,-0.5175498723983765,0.1636197566986084,EXPRESSION_TRISTESSE
1767366558147,52,0.5411670207977295,0.7235723733901978,-2.5177865028381348,0.9995550513267517,0.5096150636672974,0.6123561263084412,-2.516404628753662,0.999305784702301,0.6293982267379761,0.6187921762466431,-1.9042943716049194,0.9985331892967224,0.48242098093032837,0.7881046533584595,-2.332414388656616,0.9997225999832153,0.7733646035194397,1.252071499824524,-0.5287988781929016,0.16417090594768524,EXPRESSION_TRISTESSE
1767366558226,52,0.5411670207977295,0.7235723733901978,-2.5177865028381348,0.9995550513267517,0.5096150636672974,0.6123561263084412,-2.516404628753662,0.999305784702301,0.6293982267379761,0.6187921762466431,-1.9042943716049194,0.9985331892967224,0.48242098093032837,0.7881046533584595,-2.332414388656616,0.9997225999832153,0.7733646035194397,1.252071499824524,-0.5287988781929016,0.16417090594768524,EXPRESSION_TRISTESSE
1767366558226,52,0.5412655472755432,0.7228801846504211,-2.478435754776001,0.9995742440223694,0.509462296962738,0.6119820475578308,-2.477729320526123,0.9993482828140259,0.6295361518859863,0.6164292097091675,-1.8781697750091553,0.9986057877540588,0.48268571496009827,0.7880809307098389,-2.3012990951538086,0.9997221231460571,0.7733138799667358,1.2498618364334106,-0.7528054714202881,0.16220487654209137,EXPRESSION_TRISTESSE
1767366558301,52,0.5412655472755432,0.7228801846504211,-2.478435754776001,0.9995742440223694,0.509462296962738,0.6119820475578308,-2.477729320526123,0.9993482828140259,0.6295361518859863,0.6164292097091675,-1.8781697750091553,0.9986057877540588,0.48268571496009827,0.7880809307098389,-2.3012990951538086,0.9997221231460571,0.7733138799667358,1.2498618364334106,-0.7528054714202881,0.16220487654209137,EXPRESSION_TRISTESSE
1767366558301,52,0.5411871075630188,0.7230106592178345,-2.4720563888549805,0.9995937943458557,0.5093706250190735,0.611958384513855,-2.4682977199554443,0.9993871450424194,0.6296321153640747,0.6164389252662659,-1.8609272241592407,0.9986638426780701,0.48271799087524414,0.7881883382797241,-2.2849748134613037,0.9997264742851257,0.7747678756713867,1.252963662147522,-0.6986759305000305,0.1602552980184555,EXPRESSION_TRISTESSE
1767366558380,52,0.5411871075630188,0.7230106592178345,-2.4720563888549805,0.9995937943458557,0.5093706250190735,0.611958384513855,-2.4682977199554443,0.9993871450424194,0.6296321153640747,0.6164389252662659,-1.8609272241592407,0.9986638426780701,0.48271799087524414,0.7881883382797241,-2.2849748134613037,0.9997264742851257,0.7747678756713867,1.252963662147522,-0.6986759305000305,0.1602552980184555,EXPRESSION_TRISTESSE
1767366558380,52,0.54120934009552,0.724884569644928,-2.3022360801696777,0.9996098875999451,0.5093501806259155,0.6123031973838806,-2.2992794513702393,0.9994171857833862,0.6301144361495972,0.6167948246002197,-1.705812692642212,0.9987098574638367,0.48274707794189453,0.7884756326675415,-2.122361421585083,0.9997382164001465,0.7747108936309814,1.2559717893600464,-0.5599284172058105,0.16334743797779083,EXPRESSION_TRISTESSE
1767366558458,52,0.54120934009552,0.724884569644928,-2.3022360801696777,0.9996098875999451,0.5093501806259155,0.6123031973838806,-2.2992794513702393,0.9994171857833862,0.6301144361495972,0.6167948246002197,-1.705812692642212,0.9987098574638367,0.48274707794189453,0.7884756326675415,-2.122361421585083,0.9997382164001465,0.7747108936309814,1.2559717893600464,-0.5599284172058105,0.16334743797779083,EXPRESSION_TRISTESSE
1767366558458,52,0.5521150827407837,0.7210788130760193,-2.334697961807251,0.999596357345581,0.5168024301528931,0.6117299795150757,-2.326645612716675,0.9994069337844849,0.630205512046814,0.6144313812255859,-1.7414429187774658,0.9986506700515747,0.4969704747200012,0.7854360342025757,-2.143767833709717,0.9997272491455078,0.7741561532020569,1.2497750520706177,-0.5665533542633057,0.16238030791282654,EXPRESSION_TRISTESSE
1767366558533,52,0.5521150827407837,0.7210788130760193,-2.334697961807251,0.999596357345581,0.5168024301528931,0.6117299795150757,-2.326645612716675,0.9994069337844849,0.630205512046814,0.6144313812255859,-1.7414429187774658,0.9986506700515747,0.4969704747200012,0.7854360342025757,-2.143767833709717,0.9997272491455078,0.7741561532020569,1.2497750520706177,-0.5665533542633057,0.16238030791282654,EXPRESSION_TRISTESSE
1767366558534,52,0.55615234375,0.7149161696434021,-2.2387683391571045,0.9995931386947632,0.5205755829811096,0.6101716160774231,-2.2382445335388184,0.9994240403175354,0.6303014755249023,0.6127563118934631,-1.6053615808486938,0.9987042546272278,0.5014250874519348,0.7805483937263489,-2.051098346710205,0.9997000694274902,0.7695370316505432,1.2279449701309204,-0.5994786620140076,0.15666332840919495,EXPRESSION_TRISTESSE
1767366558611,52,0.55615234375,0.7149161696434021,-2.2387683391571045,0.9995931386947632,0.5205755829811096,0.6101716160774231,-2.2382445335388184,0.9994240403175354,0.6303014755249023,0.6127563118934631,-1.6053615808486938,0.9987042546272278,0.5014250874519348,0.7805483937263489,-2.051098346710205,0.9997000694274902,0.7695370316505432,1.2279449701309204,-0.5994786620140076,0.15666332840919495,EXPRESSION_TRISTESSE
1767366558612,52,0.560919463634491,0.7094296813011169,-2.1376869678497314,0.9995798468589783,0.523543119430542,0.6042318940162659,-2.140559196472168,0.999424159526825,0.6320400834083557,0.6058347821235657,-1.5309734344482422,0.9986689686775208,0.5066206455230713,0.777181088924408,-1.9671930074691772,0.9996926784515381,0.7699681520462036,1.2285171747207642,-0.4264857769012451,0.1537296622991562,EXPRESSION_TRISTESSE
1767366558690,52,0.560919463634491,0.7094296813011169,-2.1376869678497314,0.9995798468589783,0.523543119430542,0.6042318940162659,-2.140559196472168,0.999424159526825,0.6320400834083557,0.6058347821235657,-1.5309734344482422,0.9986689686775208,0.5066206455230713,0.777181088924408,-1.9671930074691772,0.9996926784515381,0.7699681520462036,1.2285171747207642,-0.4264857769012451,0.1537296622991562,EXPRESSION_TRISTESSE
1767366558690,51,0.5636727213859558,0.7036665081977844,-1.9487956762313843,0.9995551705360413,0.524858832359314,0.5978872179985046,-1.9431148767471313,0.9994171261787415,0.6328779458999634,0.602181613445282,-1.3181030750274658,0.9986721277236938,0.5092273950576782,0.7734898328781128,-1.770491361618042,0.9996556639671326,0.7694319486618042,1.2279504537582397,-0.44487684965133667,0.1483563333749771,EXPRESSION_TRISTESSE
1767366558766,51,0.5636727213859558,0.7036665081977844,-1.9487956762313843,0.9995551705360413,0.524858832359314,0.5978872179985046,-1.9431148767471313,0.9994171261787415,0.6328779458999634,0.602181613445282,-1.3181030750274658,0.9986721277236938,0.5092273950576782,0.7734898328781128,-1.770491361618042,0.9996556639671326,0.7694319486618042,1.2279504537582397,-0.44487684965133667,0.1483563333749771,EXPRESSION_TRISTESSE
1767366558766,51,0.5634705424308777,0.6969177722930908,-1.9886537790298462,0.9995530843734741,0.524280309677124,0.5916908979415894,-1.9828557968139648,0.9994308352470398,0.6343334317207336,0.6010819673538208,-1.354095697402954,0.9987319707870483,0.5091021656990051,0.7699000239372253,-1.8040330410003662,0.9996361136436462,0.7692393064498901,1.233555555343628,-0.4554578363895416,0.14324258267879486,EXPRESSION_TRISTESSE
1767366558872,51,0.5634705424308777,0.6969177722930908,-1.9886537790298462,0.9995530843734741,0.524280309677124,0.5916908979415894,-1.9828557968139648,0.9994308352470398,0.6343334317207336,0.6010819673538208,-1.354095697402954,0.9987319707870483,0.5091021656990051,0.7699000239372253,-1.8040330410003662,0.9996361136436462,0.7692393064498901,1.233555555343628,-0.4554578363895416,0.14324258267879486,EXPRESSION_TRISTESSE
1767366558872,51,0.56546950340271,0.6970494985580444,-2.0246357917785645,0.9995538592338562,0.5259579420089722,0.5917832851409912,-2.016700267791748,0.9994463324546814,0.6326156258583069,0.6010922193527222,-1.383246898651123,0.9987728595733643,0.5107239484786987,0.7690111398696899,-1.8413896560668945,0.9996294379234314,0.7692937850952148,1.2310230731964111,-0.5205850005149841,0.13872626423835754,EXPRESSION_TRISTESSE
1767366558992,51,0.56546950340271,0.6970494985580444,-2.0246357917785645,0.9995538592338562,0.5259579420089722,0.5917832851409912,-2.016700267791748,0.9994463324546814,0.6326156258583069,0.6010922193527222,-1.383246898651123,0.9987728595733643,0.5107239484786987,0.7690111398696899,-1.8413896560668945,0.9996294379234314,0.7692937850952148,1.2310230731964111,-0.5205850005149841,0.13872626423835754,EXPRESSION_TRISTESSE
1767366558992,52,0.5653872489929199,0.6973866820335388,-1.9659559726715088,0.9995446801185608,0.5259116888046265,0.594034731388092,-1.9528805017471313,0.9994564056396484,0.6323807239532471,0.6010916233062744,-1.3129500150680542,0.998826801776886,0.5106320977210999,0.7690271735191345,-1.7728408575057983,0.9995912313461304,0.7714451551437378,1.2271173000335693,-0.5879348516464233,0.13259144127368927,EXPRESSION_TRISTESSE
1767366559101,52,0.5653872489929199,0.6973866820335388,-1.9659559726715088,0.9995446801185608,0.5259116888046265,0.594034731388092,-1.9528805017471313,0.9994564056396484,0.6323807239532471,0.6010916233062744,-1.3129500150680542,0.998826801776886,0.5106320977210999,0.7690271735191345,-1.7728408575057983,0.9995912313461304,0.7714451551437378,1.2271173000335693,-0.5879348516464233,0.13259144127368927,EXPRESSION_TRISTESSE
1767366559101,52,0.5649333596229553,0.6816415190696716,-1.9893099069595337,0.9995322823524475,0.5243717432022095,0.5779045820236206,-1.9777154922485352,0.999457836151123,0.6313633918762207,0.5951231122016907,-1.340264081954956,0.9988537430763245,0.5105536580085754,0.7534231543540955,-1.7995405197143555,0.9995706677436829,0.7721093893051147,1.2365410327911377,-0.5783447027206421,0.12785741686820984,EXPRESSION_TRISTESSE
1767366559255,52,0.5649333596229553,0.6816415190696716,-1.9893099069595337,0.9995322823524475,0.5243717432022095,0.5779045820236206,-1.9777154922485352,0.999457836151123,0.6313633918762207,0.5951231122016907,-1.340264081954956,0.9988537430763245,0.5105536580085754,0.7534231543540955,-1.7995405197143555,0.9995706677436829,0.7721093893051147,1.2365410327911377,-0.5783447027206421,0.12785741686820984,EXPRESSION_TRISTESSE
1767366559255,52,0.5615440607070923,0.6820785999298096,-2.09907603263855,0.9995392560958862,0.5211144685745239,0.5782586932182312,-2.0900816917419434,0.9994734525680542,0.6310003399848938,0.593944787979126,-1.4620792865753174,0.998893141746521,0.5062766075134277,0.7537950277328491,-1.9108822345733643,0.9995842576026917,0.7709609270095825,1.2642391920089722,-0.6450092792510986,0.12840190529823303,EXPRESSION_TRISTESSE
1767366662446,52,0.5615440607070923,0.6820785999298096,-2.09907603263855,0.9995392560958862,0.5211144685745239,0.5782586932182312,-2.0900816917419434,0.9994734525680542,0.6310003399848938,0.593944787979126,-1.4620792865753174,0.998893141746521,0.5062766075134277,0.7537950277328491,-1.9108822345733643,0.9995842576026917,0.7709609270095825,1.2642391920089722,-0.6450092792510986,0.12840190529823303,EXPRESSION_TRISTESSE
1767366662446,51,0.5275176763534546,0.7053856253623962,-2.3649163246154785,0.9995662569999695,0.4876694083213806,0.5898981690406799,-2.363417148590088,0.9995044469833374,0.6038840413093567,0.6131530404090881,-1.6792681217193604,0.9989294409751892,0.4661434292793274,0.7814586758613586,-2.209089517593384,0.9996101260185242,0.7579896450042725,1.2918720245361328,-0.42913928627967834,0.12844708561897278,EXPRESSION_TRISTESSE
1767366662565,51,0.5275176763534546,0.7053856253623962,-2.3649163246154785,0.9995662569999695,0.4876694083213806,0.5898981690406799,-2.363417148590088,0.9995044469833374,0.6038840413093567,0.6131530404090881,-1.6792681217193604,0.9989294409751892,0.4661434292793274,0.7814586758613586,-2.209089517593384,0.9996101260185242,0.7579896450042725,1.2918720245361328,-0.42913928627967834,0.12844708561897278,EXPRESSION_TRISTESSE
1767366662566,51,0.527439296245575,0.7027668356895447,-1.7874209880828857,0.9995206594467163,0.4877844750881195,0.5869526267051697,-1.7740484476089478,0.9994021058082581,0.6023648381233215,0.61118084192276,-1.1965962648391724,0.9987564086914062,0.4676775336265564,0.7773755192756653,-1.6269052028656006,0.9996188282966614,0.7678710222244263,1.3490060567855835,-0.4293622374534607,0.1265348643064499,EXPRESSION_TRISTESSE
1767366662679,51,0.527439296245575,0.7027668356895447,-1.7874209880828857,0.9995206594467163,0.4877844750881195,0.5869526267051697,-1.7740484476089478,0.9994021058082581,0.6023648381233215,0.61118084192276,-1.1965962648391724,0.9987564086914062,0.4676775336265564,0.7773755192756653,-1.6269052028656006,0.9996188282966614,0.7678710222244263,1.3490060567855835,-0.4293622374534607,0.1265348643064499,EXPRESSION_TRISTESSE
1767366662679,51,0.5284605026245117,0.6944369673728943,-1.750213384628296,0.9994730949401855,0.48992377519607544,0.5815866589546204,-1.7223312854766846,0.9993319511413574,0.6026920080184937,0.61053067445755,-1.1067553758621216,0.9987053275108337,0.4705718457698822,0.7725601196289062,-1.5749987363815308,0.9996234178543091,0.7820536494255066,1.36127769947052,-0.5175005793571472,0.12434739619493484,EXPRESSION_TRISTESSE
1767366662802,51,0.5284605026245117,0.6944369673728943,-1.750213384628296,0.9994730949401855,0.48992377519607544,0.5815866589546204,-1.7223312854766846,0.9993319511413574,0.6026920080184937,0.61053067445755,-1.1067553758621216,0.9987053275108337,0.4705718457698822,0.7725601196289062,-1.5749987363815308,0.9996234178543091,0.7820536494255066,1.36127769947052,-0.5175005793571472,0.12434739619493484,EXPRESSION_TRISTESSE
1767366662803,51,0.5299301147460938,0.6960757374763489,-1.7206571102142334,0.9994299411773682,0.49190109968185425,0.5836009979248047,-1.7107648849487305,0.9992420673370361,0.6027215719223022,0.6100618243217468,-1.1304197311401367,0.9985236525535583,0.4732426702976227,0.7739535570144653,-1.5675411224365234,0.9996305704116821,0.7746504545211792,1.359615683555603,-0.37709560990333557,0.12373079359531403,EXPRESSION_TRISTESSE
1767366662893,51,0.5299301147460938,0.6960757374763489,-1.7206571102142334,0.9994299411773682,0.49190109968185425,0.5836009979248047,-1.7107648849487305,0.9992420673370361,0.6027215719223022,0.6100618243217468,-1.1304197311401367,0.9985236525535583,0.4732426702976227,0.7739535570144653,-1.5675411224365234,0.9996305704116821,0.7746504545211792,1.359615683555603,-0.37709560990333557,0.12373079359531403,EXPRESSION_TRISTESSE
1767366662894,50,0.530034601688385,0.7002829909324646,-1.7720485925674438,0.9993590116500854,0.4921414852142334,0.5870221257209778,-1.7568525075912476,0.9991361498832703,0.6027361154556274,0.6093630194664001,-1.1582051515579224,0.9983649253845215,0.4739397466182709,0.7761643528938293,-1.6088098287582397,0.9996251463890076,0.7749166488647461,1.3635880947113037,-0.43761032819747925,0.12261772155761719,EXPRESSION_TRISTESSE
1767366662993,50,0.530034601688385,0.7002829909324646,-1.7720485925674438,0.9993590116500854,0.4921414852142334,0.5870221257209778,-1.7568525075912476,0.9991361498832703,0.6027361154556274,0.6093630194664001,-1.1582051515579224,0.9983649253845215,0.4739397466182709,0.7761643528938293,-1.6088098287582397,0.9996251463890076,0.7749166488647461,1.3635880947113037,-0.43761032819747925,0.12261772155761719,EXPRESSION_TRISTESSE
1767366662994,50,0.5314149856567383,0.700782835483551,-1.7843313217163086,0.9993075132369995,0.49306192994117737,0.5871669054031372,-1.7685133218765259,0.9990471005439758,0.6035034656524658,0.6093563437461853,-1.1725175380706787,0.9982136487960815,0.4750065207481384,0.7763542532920837,-1.6189124584197998,0.9996228218078613,0.7817894816398621,1.3629822731018066,-0.48481717705726624,0.11855190247297287,EXPRESSION_TRISTESSE
1767366663088,50,0.5314149856567383,0.700782835483551,-1.7843313217163086,0.9993075132369995,0.49306192994117737,0.5871669054031372,-1.7685133218765259,0.9990471005439758,0.6035034656524658,0.6093563437461853,-1.1725175380706787,0.9982136487960815,0.4750065207481384,0.7763542532920837,-1.6189124584197998,0.9996228218078613,0.7817894816398621,1.3629822731018066,-0.48481717705726624,0.11855190247297287,EXPRESSION_TRISTESSE
1767366663088,50,0.5330331325531006,0.6993538737297058,-1.6457496881484985,0.9993047118186951,0.4953261911869049,0.5843563079833984,-1.6337502002716064,0.9990208148956299,0.6040475964546204,0.6093445420265198,-1.0797263383865356,0.9981218576431274,0.47585564851760864,0.7733241319656372,-1.4964759349822998,0.9996350407600403,0.7829956412315369,1.360532522201538,-0.3173302114009857,0.11690925806760788,EXPRESSION_TRISTESSE
1767366663188,50,0.5330331325531006,0.6993538737297058,-1.6457496881484985,0.9993047118186951,0.4953261911869049,0.5843563079833984,-1.6337502002716064,0.9990208148956299,0.6040475964546204,0.6093445420265198,-1.0797263383865356,0.9981218576431274,0.47585564851760864,0.7733241319656372,-1.4964759349822998,0.9996350407600403,0.7829956412315369,1.360532522201538,-0.3173302114009857,0.11690925806760788,EXPRESSION_TRISTESSE
1767366663188,50,0.533024787902832,0.6993381381034851,-1.692266821861267,0.9992391467094421,0.49536842107772827,0.5845569968223572,-1.6794567108154297,0.9989013075828552,0.6040843725204468,0.6104059815406799,-1.1007853746414185,0.9978962540626526,0.4753904938697815,0.7731216549873352,-1.5376943349838257,0.9996246099472046,0.7798488736152649,1.3603624105453491,-0.35211271047592163,0.1135624498128891,EXPRESSION_TRISTESSE
1767366663282,50,0.533024787902832,0.6993381381034851,-1.692266821861267,0.9992391467094421,0.49536842107772827,0.5845569968223572,-1.6794567108154297,0.9989013075828552,0.6040843725204468,0.6104059815406799,-1.1007853746414185,0.9978962540626526,0.4753904938697815,0.7731216549873352,-1.5376943349838257,0.9996246099472046,0.7798488736152649,1.3603624105453491,-0.35211271047592163,0.1135624498128891,EXPRESSION_TRISTESSE
1767366663282,50,0.5334042310714722,0.6967605352401733,-1.7536700963974,0.9992296695709229,0.4955185353755951,0.5833219885826111,-1.739683747291565,0.9988837242126465,0.6047593355178833,0.6096642017364502,-1.143105149269104,0.9978641271591187,0.47539758682250977,0.7721801996231079,-1.5952332019805908,0.9996339082717896,0.7746053338050842,1.355268120765686,-0.3622586131095886,0.1129874661564827,EXPRESSION_TRISTESSE
1767366663373,50,0.5334042310714722,0.6967605352401733,-1.7536700963974,0.9992296695709229,0.4955185353755951,0.5833219885826111,-1.739683747291565,0.9988837242126465,0.6047593355178833,0.6096642017364502,-1.143105149269104,0.9978641271591187,0.47539758682250977,0.7721801996231079,-1.5952332019805908,0.9996339082717896,0.7746053338050842,1.355268120765686,-0.3622586131095886,0.1129874661564827,EXPRESSION_TRISTESSE
1767366663373,50,0.5331822037696838,0.6900805234909058,-1.6930153369903564,0.9991985559463501,0.49548715353012085,0.579206109046936,-1.6798560619354248,0.9988219141960144,0.6050718426704407,0.6086280941963196,-1.118632197380066,0.9977279901504517,0.4747310280799866,0.7679553627967834,-1.5427322387695312,0.9996328353881836,0.7690316438674927,1.3552346229553223,-0.3082311749458313,0.10941259562969208,EXPRESSION_TRISTESSE
1767366663472,50,0.5331822037696838,0.6900805234909058,-1.6930153369903564,0.9991985559463501,0.49548715353012085,0.579206109046936,-1.6798560619354248,0.9988219141960144,0.6050718426704407,0.6086280941963196,-1.118632197380066,0.9977279901504517,0.4747310280799866,0.7679553627967834,-1.5427322387695312,0.9996328353881836,0.7690316438674927,1.3552346229553223,-0.3082311749458313,0.10941259562969208,EXPRESSION_TRISTESSE
1767366663472,50,0.5272284746170044,0.6901432871818542,-1.7062841653823853,0.9991414546966553,0.49207210540771484,0.5791811347007751,-1.687742829322815,0.9987214803695679,0.6051154732704163,0.6081405878067017,-1.1352565288543701,0.9975304007530212,0.4674619734287262,0.7677048444747925,-1.5492167472839355,0.9996218681335449,0.7697731852531433,1.3546355962753296,-0.31401365995407104,0.1063639223575592,EXPRESSION_TRISTESSE
1767366663569,50,0.5272284746170044,0.6901432871818542,-1.7062841653823853,0.9991414546966553,0.49207210540771484,0.5791811347007751,-1.687742829322815,0.9987214803695679,0.6051154732704163,0.6081405878067017,-1.1352565288543701,0.9975304007530212,0.4674619734287262,0.7677048444747925,-1.5492167472839355,0.9996218681335449,0.7697731852531433,1.3546355962753296,-0.31401365995407104,0.1063639223575592,EXPRESSION_TRISTESSE
1767366663569,50,0.5284159779548645,0.6862197518348694,-1.7166153192520142,0.9991410374641418,0.4926883280277252,0.5773469805717468,-1.698464035987854,0.9987104535102844,0.6052157282829285,0.6033535003662109,-1.1328023672103882,0.9975131750106812,0.46944674849510193,0.7640544772148132,-1.5602778196334839,0.9996325373649597,0.7675224542617798,1.354542851448059,-0.347736656665802,0.10694856941699982,EXPRESSION_TRISTESSE
1767366663673,50,0.5284159779548645,0.6862197518348694,-1.7166153192520142,0.9991410374641418,0.4926883280277252,0.5773469805717468,-1.698464035987854,0.9987104535102844,0.6052157282829285,0.6033535003662109,-1.1328023672103882,0.9975131750106812,0.46944674849510193,0.7640544772148132,-1.5602778196334839,0.9996325373649597,0.7675224542617798,1.354542851448059,-0.347736656665802,0.10694856941699982,EXPRESSION_TRISTESSE
1767366663673,50,0.5287539958953857,0.6866833567619324,-1.6522659063339233,0.9991462230682373,0.492729514837265,0.577379584312439,-1.6399433612823486,0.9987144470214844,0.6057193875312805,0.6030119061470032,-1.0987075567245483,0.9974773526191711,0.4697836935520172,0.7647297978401184,-1.498681664466858,0.9996392130851746,0.7680085897445679,1.3531405925750732,-0.32088786363601685,0.10476361960172653,EXPRESSION_TRISTESSE
1767366663767,50,0.5287539958953857,0.6866833567619324,-1.6522659063339233,0.9991462230682373,0.492729514837265,0.577379584312439,-1.6399433612823486,0.9987144470214844,0.6057193875312805,0.6030119061470032,-1.0987075567245483,0.9974773526191711,0.4697836935520172,0.7647297978401184,-1.498681664466858,0.9996392130851746,0.7680085897445679,1.3531405925750732,-0.32088786363601685,0.10476361960172653,EXPRESSION_TRISTESSE
1767366663767,49,0.5300365686416626,0.6905910968780518,-1.7613589763641357,0.9991342425346375,0.4935808777809143,0.5803119540214539,-1.7436453104019165,0.9986991882324219,0.6060678958892822,0.6033607721328735,-1.147673487663269,0.9974570870399475,0.47101274132728577,0.7691929340362549,-1.5948714017868042,0.9996387362480164,0.780272364616394,1.3515517711639404,-0.4271530508995056,0.10291960835456848,EXPRESSION_TRISTESSE
1767366663880,49,0.5300365686416626,0.6905910968780518,-1.7613589763641357,0.9991342425346375,0.4935808777809143,0.5803119540214539,-1.7436453104019165,0.9986991882324219,0.6060678958892822,0.6033607721328735,-1.147673487663269,0.9974570870399475,0.47101274132728577,0.7691929340362549,-1.5948714017868042,0.9996387362480164,0.780272364616394,1.3515517711639404,-0.4271530508995056,0.10291960835456848,EXPRESSION_TRISTESSE
1767366663881,49,0.530123770236969,0.6859692335128784,-1.693411111831665,0.9990718364715576,0.4930741786956787,0.5752198100090027,-1.6735219955444336,0.9985914826393127,0.6061354279518127,0.6010646224021912,-1.1084340810775757,0.997255802154541,0.47124338150024414,0.7676209211349487,-1.529294729232788,0.9996157884597778,0.7800570130348206,1.3632882833480835,-0.41088375449180603,0.09868058562278748,EXPRESSION_TRISTESSE
1767366663990,49,0.530123770236969,0.6859692335128784,-1.693411111831665,0.9990718364715576,0.4930741786956787,0.5752198100090027,-1.6735219955444336,0.9985914826393127,0.6061354279518127,0.6010646224021912,-1.1084340810775757,0.997255802154541,0.47124338150024414,0.7676209211349487,-1.529294729232788,0.9996157884597778,0.7800570130348206,1.3632882833480835,-0.41088375449180603,0.09868058562278748,EXPRESSION_TRISTESSE
1767366663990,49,0.5193704962730408,0.6900848746299744,-1.663206696510315,0.9990739226341248,0.48293447494506836,0.5766440629959106,-1.6407455205917358,0.9985648989677429,0.6061674356460571,0.6015335917472839,-1.1035301685333252,0.99725341796875,0.4622473120689392,0.7700571417808533,-1.4906225204467773,0.9996153116226196,0.785925567150116,1.3758544921875,-0.4162026345729828,0.09764724969863892,EXPRESSION_TRISTESSE
1767366664080,49,0.5193704962730408,0.6900848746299744,-1.663206696510315,0.9990739226341248,0.48293447494506836,0.5766440629959106,-1.6407455205917358,0.9985648989677429,0.6061674356460571,0.6015335917472839,-1.1035301685333252,0.99725341796875,0.4622473120689392,0.7700571417808533,-1.4906225204467773,0.9996153116226196,0.785925567150116,1.3758544921875,-0.4162026345729828,0.09764724969863892,EXPRESSION_TRISTESSE
1767366664080,49,0.506486713886261,0.6882554888725281,-1.6697723865509033,0.9991070032119751,0.47065258026123047,0.5752538442611694,-1.6485655307769775,0.9985923767089844,0.6058632731437683,0.6015353798866272,-1.1227881908416748,0.9973072409629822,0.4489832818508148,0.7693769335746765,-1.5002847909927368,0.9996210336685181,0.7829214930534363,1.3756446838378906,-0.41522496938705444,0.09426568448543549,EXPRESSION_TRISTESSE
1767366664173,49,0.506486713886261,0.6882554888725281,-1.6697723865509033,0.9991070032119751,0.47065258026123047,0.5752538442611694,-1.6485655307769775,0.9985923767089844,0.6058632731437683,0.6015353798866272,-1.1227881908416748,0.9973072409629822,0.4489832818508148,0.7693769335746765,-1.5002847909927368,0.9996210336685181,0.7829214930534363,1.3756446838378906,-0.41522496938705444,0.09426568448543549,EXPRESSION_TRISTESSE
1767366664174,49,0.5039509534835815,0.6980264186859131,-1.6784387826919556,0.9991492033004761,0.46905678510665894,0.5855344533920288,-1.6627891063690186,0.9986521005630493,0.6049749851226807,0.6030340790748596,-1.1413273811340332,0.9974403381347656,0.4469795227050781,0.7761945128440857,-1.5028585195541382,0.9996311068534851,0.7818310856819153,1.3670506477355957,-0.3514220118522644,0.09128088504076004,EXPRESSION_TRISTESSE
1767366664265,49,0.5039509534835815,0.6980264186859131,-1.6784387826919556,0.9991492033004761,0.46905678510665894,0.5855344533920288,-1.6627891063690186,0.9986521005630493,0.6049749851226807,0.6030340790748596,-1.1413273811340332,0.9974403381347656,0.4469795227050781,0.7761945128440857,-1.5028585195541382,0.9996311068534851,0.7818310856819153,1.3670506477355957,-0.3514220118522644,0.09128088504076004,EXPRESSION_TRISTESSE
1767366664265,49,0.5008036494255066,0.7036534547805786,-1.8906376361846924,0.9991835355758667,0.46684688329696655,0.5877252221107483,-1.8728406429290771,0.9986940026283264,0.6048834323883057,0.6030409336090088,-1.3306996822357178,0.9975249171257019,0.4432376027107239,0.7815735936164856,-1.7139854431152344,0.9996397495269775,0.7818530201911926,1.3670414686203003,-0.5648685097694397,0.090031199157238,EXPRESSION_TRISTESSE
1767366664374,49,0.5008036494255066,0.7036534547805786,-1.8906376361846924,0.9991835355758667,0.46684688329696655,0.5877252221107483,-1.8728406429290771,0.9986940026283264,0.6048834323883057,0.6030409336090088,-1.3306996822357178,0.9975249171257019,0.4432376027107239,0.7815735936164856,-1.7139854431152344,0.9996397495269775,0.7818530201911926,1.3670414686203003,-0.5648685097694397,0.090031199157238,EXPRESSION_TRISTESSE
1767366664374,48,0.4943549633026123,0.7041828036308289,-1.8244972229003906,0.9992258548736572,0.4570159316062927,0.5876455903053284,-1.8055143356323242,0.9987599849700928,0.6046109199523926,0.6037657856941223,-1.2676478624343872,0.9976735711097717,0.4349742829799652,0.7820498943328857,-1.6501662731170654,0.9996544718742371,0.7863936424255371,1.3801459074020386,-0.5705738067626953,0.08827860653400421,EXPRESSION_TRISTESSE
1767366664464,48,0.4943549633026123,0.7041828036308289,-1.8244972229003906,0.9992258548736572,0.4570159316062927,0.5876455903053284,-1.8055143356323242,0.9987599849700928,0.6046109199523926,0.6037657856941223,-1.2676478624343872,0.9976735711097717,0.4349742829799652,0.7820498943328857,-1.6501662731170654,0.9996544718742371,0.7863936424255371,1.3801459074020386,-0.5705738067626953,0.08827860653400421,EXPRESSION_TRISTESSE
1767366664464,48,0.4938271641731262,0.6941250562667847,-1.6637887954711914,0.9992473721504211,0.45537835359573364,0.5799673795700073,-1.6400010585784912,0.9987779259681702,0.6014498472213745,0.5976684093475342,-1.110182523727417,0.9977120161056519,0.43432068824768066,0.7754195332527161,-1.4875110387802124,0.9996557235717773,0.7803916335105896,1.379685878753662,-0.3624979555606842,0.08604723960161209,EXPRESSION_TRISTESSE
1767366664553,48,0.4938271641731262,0.6941250562667847,-1.6637887954711914,0.9992473721504211,0.45537835359573364,0.5799673795700073,-1.6400010585784912,0.9987779259681702,0.6014498472213745,0.5976684093475342,-1.110182523727417,0.9977120161056519,0.43432068824768066,0.7754195332527161,-1.4875110387802124,0.9996557235717773,0.7803916335105896,1.379685878753662,-0.3624979555606842,0.08604723960161209,EXPRESSION_TRISTESSE
1767366664554,48,0.49199309945106506,0.6877754926681519,-1.6380809545516968,0.999278724193573,0.45289888978004456,0.5739915370941162,-1.6087459325790405,0.9988237023353577,0.601319432258606,0.5969345569610596,-1.0873901844024658,0.9977841377258301,0.4319468140602112,0.7690871357917786,-1.460885763168335,0.9996644258499146,0.7813488245010376,1.3862782716751099,-0.3834211230278015,0.08214117586612701,EXPRESSION_TRISTESSE
1767366664640,48,0.49199309945106506,0.6877754926681519,-1.6380809545516968,0.999278724193573,0.45289888978004456,0.5739915370941162,-1.6087459325790405,0.9988237023353577,0.601319432258606,0.5969345569610596,-1.0873901844024658,0.9977841377258301,0.4319468140602112,0.7690871357917786,-1.460885763168335,0.9996644258499146,0.7813488245010376,1.3862782716751099,-0.3834211230278015,0.08214117586612701,EXPRESSION_TRISTESSE
1767366664641,48,0.4886074662208557,0.682998538017273,-1.3316576480865479,0.9993196129798889,0.447535902261734,0.5712567567825317,-1.3031947612762451,0.9988881945610046,0.6000089645385742,0.5964495539665222,-0.8534991145133972,0.997902512550354,0.4275890290737152,0.765933096408844,-1.167596697807312,0.9996799230575562,0.7767605781555176,1.3930439949035645,-0.29215553402900696,0.0801033303141594,EXPRESSION_TRISTESSE
1767366664734,48,0.4886074662208557,0.682998538017273,-1.3316576480865479,0.9993196129798889,0.447535902261734,0.5712567567825317,-1.3031947612762451,0.9988881945610046,0.6000089645385742,0.5964495539665222,-0.8534991145133972,0.997902512550354,0.4275890290737152,0.765933096408844,-1.167596697807312,0.9996799230575562,0.7767605781555176,1.3930439949035645,-0.29215553402900696,0.0801033303141594,EXPRESSION_TRISTESSE
1767366664734,48,0.4864848256111145,0.6816188097000122,-1.5036330223083496,0.9993625283241272,0.4443935453891754,0.570649266242981,-1.4509892463684082,0.9989581108093262,0.60012286901474,0.5975431203842163,-0.9051011204719543,0.9980418682098389,0.4233829379081726,0.7656205296516418,-1.2916041612625122,0.9996972680091858,0.7844074964523315,1.402834177017212,-0.419160932302475,0.07817934453487396,EXPRESSION_TRISTESSE
1767366664836,48,0.4864848256111145,0.6816188097000122,-1.5036330223083496,0.9993625283241272,0.4443935453891754,0.570649266242981,-1.4509892463684082,0.9989581108093262,0.60012286901474,0.5975431203842163,-0.9051011204719543,0.9980418682098389,0.4233829379081726,0.7656205296516418,-1.2916041612625122,0.9996972680091858,0.7844074964523315,1.402834177017212,-0.419160932302475,0.07817934453487396,EXPRESSION_TRISTESSE
1767366664837,48,0.483685165643692,0.6812867522239685,-1.5306339263916016,0.9993927478790283,0.44104766845703125,0.5706376433372498,-1.4934173822402954,0.9990027546882629,0.5991155505180359,0.5994065403938293,-0.9697311520576477,0.9981392025947571,0.42065587639808655,0.7656123638153076,-1.3422510623931885,0.9997063875198364,0.7836306095123291,1.412643313407898,-0.4162917137145996,0.07695790380239487,EXPRESSION_TRISTESSE
1767366664933,48,0.483685165643692,0.6812867522239685,-1.5306339263916016,0.9993927478790283,0.44104766845703125,0.5706376433372498,-1.4934173822402954,0.9990027546882629,0.5991155505180359,0.5994065403938293,-0.9697311520576477,0.9981392025947571,0.42065587639808655,0.7656123638153076,-1.3422510623931885,0.9997063875198364,0.7836306095123291,1.412643313407898,-0.4162917137145996,0.07695790380239487,EXPRESSION_TRISTESSE
1767366664933,48,0.4825868606567383,0.6795212626457214,-1.3957445621490479,0.9994267225265503,0.43984389305114746,0.5693025588989258,-1.3646551370620728,0.9990614056587219,0.5983176231384277,0.5991637706756592,-0.886237621307373,0.9982485771179199,0.41937321424484253,0.7642062306404114,-1.2253811359405518,0.9997187256813049,0.7740766406059265,1.4127172231674194,-0.3169485628604889,0.07482387125492096,EXPRESSION_TRISTESSE
1767366665024,48,0.4825868606567383,0.6795212626457214,-1.3957445621490479,0.9994267225265503,0.43984389305114746,0.5693025588989258,-1.3646551370620728,0.9990614056587219,0.5983176231384277,0.5991637706756592,-0.886237621307373,0.9982485771179199,0.41937321424484253,0.7642062306404114,-1.2253811359405518,0.9997187256813049,0.7740766406059265,1.4127172231674194,-0.3169485628604889,0.07482387125492096,EXPRESSION_TRISTESSE
1767366665024,48,0.48139509558677673,0.6795063018798828,-1.214584469795227,0.9994595050811768,0.43952566385269165,0.5692790150642395,-1.1912847757339478,0.9991181492805481,0.5961483716964722,0.5986644625663757,-0.7817925214767456,0.998350203037262,0.4189167022705078,0.7638925909996033,-1.0628172159194946,0.9997313618659973,0.7691023945808411,1.40601646900177,-0.22315935790538788,0.07439744472503662,EXPRESSION_TRISTESSE
1767366665112,48,0.48139509558677673,0.6795063018798828,-1.214584469795227,0.9994595050811768,0.43952566385269165,0.5692790150642395,-1.1912847757339478,0.9991181492805481,0.5961483716964722,0.5986644625663757,-0.7817925214767456,0.998350203037262,0.4189167022705078,0.7638925909996033,-1.0628172159194946,0.9997313618659973,0.7691023945808411,1.40601646900177,-0.22315935790538788,0.07439744472503662,EXPRESSION_TRISTESSE
1767366665112,48,0.48050135374069214,0.6793829798698425,-1.275817632675171,0.9994587302207947,0.43894314765930176,0.569219172000885,-1.2544912099838257,0.9991214275360107,0.594779372215271,0.5983944535255432,-0.8874920010566711,0.9983490705490112,0.4176275134086609,0.7638832330703735,-1.1290991306304932,0.9997288584709167,0.7700657844543457,1.4072260856628418,-0.39123544096946716,0.07225868105888367,EXPRESSION_TRISTESSE
1767366665210,48,0.48050135374069214,0.6793829798698425,-1.275817632675171,0.9994587302207947,0.43894314765930176,0.569219172000885,-1.2544912099838257,0.9991214275360107,0.594779372215271,0.5983944535255432,-0.8874920010566711,0.9983490705490112,0.4176275134086609,0.7638832330703735,-1.1290991306304932,0.9997288584709167,0.7700657844543457,1.4072260856628418,-0.39123544096946716,0.07225868105888367,EXPRESSION_TRISTESSE
1767366665210,47,0.4802725315093994,0.6793588399887085,-1.2833781242370605,0.9994806051254272,0.43888992071151733,0.5689036846160889,-1.2824641466140747,0.9991581439971924,0.5945738554000854,0.5983810424804688,-0.8861552476882935,0.9984216094017029,0.41708216071128845,0.7637355923652649,-1.161155343055725,0.9997389912605286,0.7712402939796448,1.410094976425171,-0.3755590617656708,0.07075047492980957,EXPRESSION_TRISTESSE
1767366665305,47,0.4802725315093994,0.6793588399887085,-1.2833781242370605,0.9994806051254272,0.43888992071151733,0.5689036846160889,-1.2824641466140747,0.9991581439971924,0.5945738554000854,0.5983810424804688,-0.8861552476882935,0.9984216094017029,0.41708216071128845,0.7637355923652649,-1.161155343055725,0.9997389912605286,0.7712402939796448,1.410094976425171,-0.3755590617656708,0.07075047492980957,EXPRESSION_TRISTESSE
1767366665305,47,0.47906655073165894,0.6791921257972717,-1.4734545946121216,0.999474823474884,0.43833446502685547,0.5688655972480774,-1.4425315856933594,0.999157726764679,0.594523549079895,0.5987957715988159,-0.9593056440353394,0.9984367489814758,0.4156605303287506,0.7633693218231201,-1.2958847284317017,0.9997372627258301,0.7767308354377747,1.412945032119751,-0.40439876914024353,0.06848910450935364,EXPRESSION_TRISTESSE
1767366665401,47,0.47906655073165894,0.6791921257972717,-1.4734545946121216,0.999474823474884,0.43833446502685547,0.5688655972480774,-1.4425315856933594,0.999157726764679,0.594523549079895,0.5987957715988159,-0.9593056440353394,0.9984367489814758,0.4156605303287506,0.7633693218231201,-1.2958847284317017,0.9997372627258301,0.7767308354377747,1.412945032119751,-0.40439876914024353,0.06848910450935364,EXPRESSION_TRISTESSE
1767366665401,47,0.48170098662376404,0.678979218006134,-1.367089033126831,0.9994814991950989,0.4411899149417877,0.5688307285308838,-1.3411425352096558,0.9991709589958191,0.5944012999534607,0.5988696217536926,-0.8771621584892273,0.9984626173973083,0.41842398047447205,0.7629736661911011,-1.206195592880249,0.9997417330741882,0.773654043674469,1.410421371459961,-0.297620952129364,0.06756121665239334,EXPRESSION_TRISTESSE
1767366665500,47,0.48170098662376404,0.678979218006134,-1.367089033126831,0.9994814991950989,0.4411899149417877,0.5688307285308838,-1.3411425352096558,0.9991709589958191,0.5944012999534607,0.5988696217536926,-0.8771621584892273,0.9984626173973083,0.41842398047447205,0.7629736661911011,-1.206195592880249,0.9997417330741882,0.773654043674469,1.410421371459961,-0.297620952129364,0.06756121665239334,EXPRESSION_TRISTESSE
1767366665500,47,0.4815616011619568,0.6801367402076721,-1.1865218877792358,0.9994817972183228,0.44117146730422974,0.5696362853050232,-1.1612237691879272,0.9991783499717712,0.5943540930747986,0.5994641780853271,-0.7606203556060791,0.998443603515625,0.41840091347694397,0.7641443610191345,-1.0349071025848389,0.9997416138648987,0.7721593379974365,1.4106990098953247,-0.2724204957485199,0.06580094993114471,EXPRESSION_TRISTESSE
1767366665611,47,0.4815616011619568,0.6801367402076721,-1.1865218877792358,0.9994817972183228,0.44117146730422974,0.5696362853050232,-1.1612237691879272,0.9991783499717712,0.5943540930747986,0.5994641780853271,-0.7606203556060791,0.998443603515625,0.41840091347694397,0.7641443610191345,-1.0349071025848389,0.9997416138648987,0.7721593379974365,1.4106990098953247,-0.2724204957485199,0.06580094993114471,EXPRESSION_TRISTESSE
1767366665611,47,0.48241057991981506,0.6798092126846313,-1.235962152481079,0.9994992613792419,0.4424629211425781,0.5696415305137634,-1.2091907262802124,0.999201238155365,0.5939168334007263,0.5993550419807434,-0.785664439201355,0.9984845519065857,0.4197963774204254,0.7640742063522339,-1.0801923274993896,0.9997451305389404,0.772152841091156,1.4107085466384888,-0.23581691086292267,0.06421671062707901,EXPRESSION_TRISTESSE
1767366665748,47,0.48241057991981506,0.6798092126846313,-1.235962152481079,0.9994992613792419,0.4424629211425781,0.5696415305137634,-1.2091907262802124,0.999201238155365,0.5939168334007263,0.5993550419807434,-0.785664439201355,0.9984845519065857,0.4197963774204254,0.7640742063522339,-1.0801923274993896,0.9997451305389404,0.772152841091156,1.4107085466384888,-0.23581691086292267,0.06421671062707901,EXPRESSION_TRISTESSE
1767366665748,47,0.48246628046035767,0.6784038543701172,-1.1280925273895264,0.9994997978210449,0.44245991110801697,0.5688450932502747,-1.0989775657653809,0.9992095828056335,0.5939474105834961,0.5993860363960266,-0.6926858425140381,0.9984894394874573,0.4196823537349701,0.7635114789009094,-0.976952850818634,0.9997444748878479,0.772426187992096,1.4081584215164185,-0.2259991466999054,0.0624937042593956,EXPRESSION_TRISTESSE
1767366665860,47,0.48246628046035767,0.6784038543701172,-1.1280925273895264,0.9994997978210449,0.44245991110801697,0.5688450932502747,-1.0989775657653809,0.9992095828056335,0.5939474105834961,0.5993860363960266,-0.6926858425140381,0.9984894394874573,0.4196823537349701,0.7635114789009094,-0.976952850818634,0.9997444748878479,0.772426187992096,1.4081584215164185,-0.2259991466999054,0.0624937042593956,EXPRESSION_TRISTESSE
1767366665860,47,0.48524904251098633,0.6783877611160278,-1.2162444591522217,0.999485433101654,0.4446054995059967,0.5689395070075989,-1.1905601024627686,0.9991912841796875,0.594472348690033,0.5990406274795532,-0.7739185094833374,0.998440146446228,0.4224063754081726,0.7640987634658813,-1.0606471300125122,0.9997380375862122,0.7765098810195923,1.4012373685836792,-0.2905828356742859,0.06179584562778473,EXPRESSION_TRISTESSE
1767366665966,47,0.48524904251098633,0.6783877611160278,-1.2162444591522217,0.999485433101654,0.4446054995059967,0.5689395070075989,-1.1905601024627686,0.9991912841796875,0.594472348690033,0.5990406274795532,-0.7739185094833374,0.998440146446228,0.4224063754081726,0.7640987634658813,-1.0606471300125122,0.9997380375862122,0.7765098810195923,1.4012373685836792,-0.2905828356742859,0.06179584562778473,EXPRESSION_TRISTESSE
1767366665967,47,0.4869995713233948,0.6783848404884338,-1.255408525466919,0.999478280544281,0.4464222490787506,0.5691283941268921,-1.225888729095459,0.9991845488548279,0.5944005250930786,0.5994446873664856,-0.7816191911697388,0.9984093904495239,0.42375311255455017,0.7641229033470154,-1.0960355997085571,0.9997380971908569,0.7756869196891785,1.3951523303985596,-0.2841687798500061,0.061076320707798004,EXPRESSION_TRISTESSE
1767366666067,47,0.4869995713233948,0.6783848404884338,-1.255408525466919,0.999478280544281,0.4464222490787506,0.5691283941268921,-1.225888729095459,0.9991845488548279,0.5944005250930786,0.5994446873664856,-0.7816191911697388,0.9984093904495239,0.42375311255455017,0.7641229033470154,-1.0960355997085571,0.9997380971908569,0.7756869196891785,1.3951523303985596,-0.2841687798500061,0.061076320707798004,EXPRESSION_TRISTESSE
1767366666067,47,0.4870198369026184,0.6810268759727478,-1.0446974039077759,0.9994934797286987,0.4472010135650635,0.5705530643463135,-1.0221607685089111,0.9992143511772156,0.5947521328926086,0.6001793146133423,-0.6425071954727173,0.998461127281189,0.42392849922180176,0.7646589279174805,-0.8984798192977905,0.9997453093528748,0.7791495323181152,1.393689751625061,-0.20747646689414978,0.06157722696661949,EXPRESSION_TRISTESSE
1767366666167,47,0.4870198369026184,0.6810268759727478,-1.0446974039077759,0.9994934797286987,0.4472010135650635,0.5705530643463135,-1.0221607685089111,0.9992143511772156,0.5947521328926086,0.6001793146133423,-0.6425071954727173,0.998461127281189,0.42392849922180176,0.7646589279174805,-0.8984798192977905,0.9997453093528748,0.7791495323181152,1.393689751625061,-0.20747646689414978,0.06157722696661949,EXPRESSION_TRISTESSE
1767366666168,47,0.48796191811561584,0.6812763214111328,-1.2619683742523193,0.9994792938232422,0.44832348823547363,0.5706132054328918,-1.2392292022705078,0.9991876482963562,0.5961490869522095,0.6020491123199463,-0.818034291267395,0.9984099268913269,0.42410093545913696,0.7649646401405334,-1.1049247980117798,0.9997390508651733,0.7755659818649292,1.3942182064056396,-0.25268885493278503,0.0626700296998024,EXPRESSION_TRISTESSE
1767366666276,47,0.48796191811561584,0.6812763214111328,-1.2619683742523193,0.9994792938232422,0.44832348823547363,0.5706132054328918,-1.2392292022705078,0.9991876482963562,0.5961490869522095,0.6020491123199463,-0.818034291267395,0.9984099268913269,0.42410093545913696,0.7649646401405334,-1.1049247980117798,0.9997390508651733,0.7755659818649292,1.3942182064056396,-0.25268885493278503,0.0626700296998024,EXPRESSION_TRISTESSE
1767366666276,47,0.4899541735649109,0.6829426288604736,-1.308356761932373,0.9994332194328308,0.45071807503700256,0.5714410543441772,-1.2873661518096924,0.9991227984428406,0.5966307520866394,0.6021837592124939,-0.8546897172927856,0.9982684850692749,0.42579588294029236,0.7658867239952087,-1.1515754461288452,0.9997237324714661,0.7740843892097473,1.3931905031204224,-0.2920086085796356,0.0636667013168335,EXPRESSION_TRISTESSE
1767366666385,47,0.4899541735649109,0.6829426288604736,-1.308356761932373,0.9994332194328308,0.45071807503700256,0.5714410543441772,-1.2873661518096924,0.9991227984428406,0.5966307520866394,0.6021837592124939,-0.8546897172927856,0.9982684850692749,0.42579588294029236,0.7658867239952087,-1.1515754461288452,0.9997237324714661,0.7740843892097473,1.3931905031204224,-0.2920086085796356,0.0636667013168335,EXPRESSION_TRISTESSE
1767366666385,47,0.4913424849510193,0.6876640319824219,-1.4254646301269531,0.9993890523910522,0.45146241784095764,0.5739949345588684,-1.4097001552581787,0.9990519881248474,0.5968242883682251,0.6027403473854065,-0.954113781452179,0.9980794787406921,0.4272788166999817,0.7692588567733765,-1.263627052307129,0.9997086524963379,0.7732735872268677,1.388927936553955,-0.28992322087287903,0.06476353108882904,EXPRESSION_TRISTESSE
1767366666510,47,0.4913424849510193,0.6876640319824219,-1.4254646301269531,0.9993890523910522,0.45146241784095764,0.5739949345588684,-1.4097001552581787,0.9990519881248474,0.5968242883682251,0.6027403473854065,-0.954113781452179,0.9980794787406921,0.4272788166999817,0.7692588567733765,-1.263627052307129,0.9997086524963379,0.7732735872268677,1.388927936553955,-0.28992322087287903,0.06476353108882904,EXPRESSION_TRISTESSE
1767366666510,47,0.49048805236816406,0.7021130323410034,-1.6236298084259033,0.9993520379066467,0.45090141892433167,0.5850080251693726,-1.6087316274642944,0.9989966750144958,0.5972486138343811,0.6116272807121277,-1.138372540473938,0.9979615807533264,0.42692461609840393,0.777292013168335,-1.4505101442337036,0.9996894001960754,0.7676194906234741,1.37855863571167,-0.401917040348053,0.06377756595611572,EXPRESSION_TRISTESSE
1767366666611,47,0.49048805236816406,0.7021130323410034,-1.6236298084259033,0.9993520379066467,0.45090141892433167,0.5850080251693726,-1.6087316274642944,0.9989966750144958,0.5972486138343811,0.6116272807121277,-1.138372540473938,0.9979615807533264,0.42692461609840393,0.777292013168335,-1.4505101442337036,0.9996894001960754,0.7676194906234741,1.37855863571167,-0.401917040348053,0.06377756595611572,EXPRESSION_TRISTESSE
1767366666611,47,0.4938890039920807,0.7019256949424744,-1.5279046297073364,0.9992966651916504,0.45673149824142456,0.5880011320114136,-1.5079752206802368,0.9989131689071655,0.5997567176818848,0.6153994798660278,-1.0430629253387451,0.9977830052375793,0.4323570728302002,0.7780355215072632,-1.35333251953125,0.999668300151825,0.772850513458252,1.3855518102645874,-0.4443936347961426,0.06300275027751923,EXPRESSION_TRISTESSE
1767366666723,47,0.4938890039920807,0.7019256949424744,-1.5279046297073364,0.9992966651916504,0.45673149824142456,0.5880011320114136,-1.5079752206802368,0.9989131689071655,0.5997567176818848,0.6153994798660278,-1.0430629253387451,0.9977830052375793,0.4323570728302002,0.7780355215072632,-1.35333251953125,0.999668300151825,0.772850513458252,1.3855518102645874,-0.4443936347961426,0.06300275027751923,EXPRESSION_TRISTESSE
1767366666723,47,0.4984610974788666,0.7048048377037048,-1.4087183475494385,0.9991866946220398,0.4646529257297516,0.5945420861244202,-1.4039393663406372,0.99873286485672,0.5998036861419678,0.615771472454071,-0.9768303036689758,0.9973196387290955,0.44022566080093384,0.7810794115066528,-1.264861822128296,0.9996265172958374,0.7724147439002991,1.365606427192688,-0.36134231090545654,0.06399250030517578,EXPRESSION_TRISTESSE
1767366666832,47,0.4984610974788666,0.7048048377037048,-1.4087183475494385,0.9991866946220398,0.4646529257297516,0.5945420861244202,-1.4039393663406372,0.99873286485672,0.5998036861419678,0.615771472454071,-0.9768303036689758,0.9973196387290955,0.44022566080093384,0.7810794115066528,-1.264861822128296,0.9996265172958374,0.7724147439002991,1.365606427192688,-0.36134231090545654,0.06399250030517578,EXPRESSION_TRISTESSE
1767366666832,47,0.49811607599258423,0.7037715315818787,-1.3460397720336914,0.9991888403892517,0.46449145674705505,0.5942859053611755,-1.3299801349639893,0.998744010925293,0.6000085473060608,0.618530809879303,-0.8971023559570312,0.9972895979881287,0.4389871656894684,0.7801204323768616,-1.1961177587509155,0.999630331993103,0.7711960673332214,1.3734066486358643,-0.3348964750766754,0.06399979442358017,EXPRESSION_TRISTESSE
1767366666932,47,0.49811607599258423,0.7037715315818787,-1.3460397720336914,0.9991888403892517,0.46449145674705505,0.5942859053611755,-1.3299801349639893,0.998744010925293,0.6000085473060608,0.618530809879303,-0.8971023559570312,0.9972895979881287,0.4389871656894684,0.7801204323768616,-1.1961177587509155,0.999630331993103,0.7711960673332214,1.3734066486358643,-0.3348964750766754,0.06399979442358017,EXPRESSION_TRISTESSE
1767366666932,48,0.49822983145713806,0.7022000551223755,-1.4446005821228027,0.9992454051971436,0.46445217728614807,0.593085527420044,-1.4279205799102783,0.9988348484039307,0.6016585230827332,0.6187034249305725,-0.9766091108322144,0.9974753856658936,0.43887272477149963,0.7784566283226013,-1.288459300994873,0.9996543526649475,0.7699786424636841,1.3739144802093506,-0.1572083830833435,0.06588438153266907,EXPRESSION_TRISTESSE
1767366667053,48,0.49822983145713806,0.7022000551223755,-1.4446005821228027,0.9992454051971436,0.46445217728614807,0.593085527420044,-1.4279205799102783,0.9988348484039307,0.6016585230827332,0.6187034249305725,-0.9766091108322144,0.9974753856658936,0.43887272477149963,0.7784566283226013,-1.288459300994873,0.9996543526649475,0.7699786424636841,1.3739144802093506,-0.1572083830833435,0.06588438153266907,EXPRESSION_TRISTESSE
1767366667053,48,0.4976885914802551,0.7049179673194885,-1.094009518623352,0.9992735981941223,0.4644130766391754,0.5936056971549988,-1.0850176811218262,0.9988803863525391,0.601743221282959,0.6196736693382263,-0.7275968194007874,0.9975461363792419,0.43827003240585327,0.7800480127334595,-0.9648709297180176,0.9996647834777832,0.7628571391105652,1.3527473211288452,-0.10416752099990845,0.06906937807798386,EXPRESSION_TRISTESSE
1767366667176,48,0.4976885914802551,0.7049179673194885,-1.094009518623352,0.9992735981941223,0.4644130766391754,0.5936056971549988,-1.0850176811218262,0.9988803863525391,0.601743221282959,0.6196736693382263,-0.7275968194007874,0.9975461363792419,0.43827003240585327,0.7800480127334595,-0.9648709297180176,0.9996647834777832,0.7628571391105652,1.3527473211288452,-0.10416752099990845,0.06906937807798386,EXPRESSION_TRISTESSE
1767366667176,48,0.49766650795936584,0.7052901983261108,-1.56050705909729,0.9992997050285339,0.4643654227256775,0.5935736298561096,-1.548774242401123,0.9989103674888611,0.6018106937408447,0.6200577020645142,-1.0738887786865234,0.9976279735565186,0.4381486475467682,0.780081570148468,-1.3992512226104736,0.999675452709198,0.7544249892234802,1.356243371963501,-0.24040234088897705,0.07071807235479355,EXPRESSION_TRISTESSE
1767366667436,48,0.49766650795936584,0.7052901983261108,-1.56050705909729,0.9992997050285339,0.4643654227256775,0.5935736298561096,-1.548774242401123,0.9989103674888611,0.6018106937408447,0.6200577020645142,-1.0738887786865234,0.9976279735565186,0.4381486475467682,0.780081570148468,-1.3992512226104736,0.999675452709198,0.7544249892234802,1.356243371963501,-0.24040234088897705,0.07071807235479355,EXPRESSION_TRISTESSE
1767366667437,48,0.5030152797698975,0.7074937224388123,-1.5140697956085205,0.9993255138397217,0.46922317147254944,0.596177339553833,-1.503422498703003,0.9989531636238098,0.6029492616653442,0.6202482581138611,-1.050987720489502,0.9977102875709534,0.4430413246154785,0.7808246612548828,-1.3568227291107178,0.9996902346611023,0.7545395493507385,1.3576213121414185,-0.23852422833442688,0.07294794172048569,EXPRESSION_TRISTESSE
1767366667437,48,0.5030152797698975,0.7074937224388123,-1.5140697956085205,0.9993255138397217,0.46922317147254944,0.596177339553833,-1.503422498703003,0.9989531636238098,0.6029492616653442,0.6202482581138611,-1.050987720489502,0.9977102875709534,0.4430413246154785,0.7808246612548828,-1.3568227291107178,0.9996902346611023,0.7545395493507385,1.3576213121414185,-0.23852422833442688,0.07294794172048569,EXPRESSION_TRISTESSE
1767366667437,48,0.511583685874939,0.7090876698493958,-1.4119303226470947,0.999313473701477,0.47746163606643677,0.5990660786628723,-1.400939702987671,0.9989381432533264,0.6030353307723999,0.6203464269638062,-0.9295185208320618,0.9976364970207214,0.451565682888031,0.7816556096076965,-1.258946180343628,0.9996899366378784,0.7541652917861938,1.3584589958190918,-0.23746344447135925,0.0741630494594574,EXPRESSION_TRISTESSE
