Timestamp,Face Confidence,Mouth Open,Eye Blink Left,Eye Blink Right,Eye Look Left,Eye Look Right,Head X,Head Y,Head Z,Detected Expression,Detected Movement
1767436454539,2,0,0,0,0,0,329.8382568359375,287.7475833892822,-21.3403058052063,Bouche ouverte,AUCUN
1767436454543,2,0,0,0,0,0,329.8382568359375,287.7475833892822,-21.3403058052063,Bouche ouverte,S_ASSOIR
1767436454543,1,0,0,0,0,0,330.6258010864258,290.91124534606934,-21.335580348968506,Bouche ouverte,S_ASSOIR
1767436454613,1,0,0,0,0,0,330.6258010864258,290.91124534606934,-21.335580348968506,surprised,S_ASSOIR
1767436454613,2,0,0,0,0,0,334.3703079223633,294.00197982788086,-20.367984771728516,Bouche ouverte,S_ASSOIR
1767436454682,2,0,0,0,0,0,334.3703079223633,294.00197982788086,-20.367984771728516,surprised,S_ASSOIR
1767436454682,1,0,0,0,0,0,334.4105529785156,294.4596290588379,-19.211158752441406,Bouche ouverte,S_ASSOIR
1767436454748,1,0,0,0,0,0,334.4105529785156,294.4596290588379,-19.211158752441406,surprised,S_ASSOIR
1767436454749,1,0,0,0,0,0,336.6542053222656,295.58215141296387,-18.98929715156555,Bouche ouverte,S_ASSOIR
1767436454830,1,0,0,0,0,0,336.6542053222656,295.58215141296387,-18.98929715156555,surprised,S_ASSOIR
1767436454830,1,0,0,0,0,0,336.15062713623047,297.20744132995605,-18.400521278381348,Bouche ouverte,S_ASSOIR
1767436454895,1,0,0,0,0,0,336.15062713623047,297.20744132995605,-18.400521278381348,surprised,S_ASSOIR
1767436454895,1,0,0,0,0,0,334.8355484008789,297.64291763305664,-18.69368314743042,Bouche ouverte,S_ASSOIR
1767436454973,1,0,0,0,0,0,334.8355484008789,297.64291763305664,-18.69368314743042,surprised,S_ASSOIR
1767436454974,1,0,0,0,0,0,335.99815368652344,298.87807846069336,-17.829737663269043,Bouche ouverte,S_ASSOIR
1767436455034,1,0,0,0,0,0,335.99815368652344,298.87807846069336,-17.829737663269043,surprised,S_ASSOIR
1767436455035,2,0,0,0,0,0,335.96920013427734,299.6206283569336,-18.196405172348022,Bouche ouverte,S_ASSOIR
1767436455116,2,0,0,0,0,0,335.96920013427734,299.6206283569336,-18.196405172348022,surprised,S_ASSOIR
1767436455116,1,0,0,0,0,0,337.29427337646484,299.0486240386963,-17.35789656639099,Bouche ouverte,S_ASSOIR
1767436455182,1,0,0,0,0,0,337.29427337646484,299.0486240386963,-17.35789656639099,surprised,S_ASSOIR
1767436455182,1,0,0,0,0,0,337.15309143066406,300.0392532348633,-17.24302649497986,Bouche ouverte,S_ASSOIR
1767436455237,1,0,0,0,0,0,337.15309143066406,300.0392532348633,-17.24302649497986,surprised,S_ASSOIR
1767436455238,1,0,0,0,0,0,335.6235885620117,299.2049789428711,-17.763471603393555,Bouche ouverte,S_ASSOIR
1767436455306,1,0,0,0,0,0,335.6235885620117,299.2049789428711,-17.763471603393555,surprised,S_ASSOIR
1767436455307,1,0,0,0,0,0,336.943359375,298.87547492980957,-17.67837405204773,Bouche ouverte,S_ASSOIR
1767436455370,1,0,0,0,0,0,336.943359375,298.87547492980957,-17.67837405204773,surprised,S_ASSOIR
1767436455370,1,0,0,0,0,0,337.31712341308594,296.89759254455566,-18.783708810806274,Bouche ouverte,S_ASSOIR
1767436455436,1,0,0,0,0,0,337.31712341308594,296.89759254455566,-18.783708810806274,surprised,S_ASSOIR
1767436455436,1,0,0,0,0,0,334.06898498535156,296.8144226074219,-17.27654457092285,Bouche ouverte,S_ASSOIR
1767436455523,1,0,0,0,0,0,334.06898498535156,296.8144226074219,-17.27654457092285,surprised,S_ASSOIR
1767436455523,2,0,0,0,0,0,337.1249771118164,294.7129440307617,-18.98591637611389,Bouche ouverte,S_ASSOIR
1767436455591,2,0,0,0,0,0,337.1249771118164,294.7129440307617,-18.98591637611389,surprised,S_ASSOIR
1767436455592,2,0,0,0,0,0,329.82666015625,290.8146286010742,-19.79495882987976,Bouche ouverte,S_ASSOIR
1767436455658,2,0,0,0,0,0,329.82666015625,290.8146286010742,-19.79495882987976,surprised,S_ASSOIR
1767436455658,2,0,0,0,0,0,327.39330291748047,288.45279693603516,-20.416646003723145,Bouche ouverte,S_ASSOIR
1767436455720,2,0,0,0,0,0,327.39330291748047,288.45279693603516,-20.416646003723145,surprised,S_ASSOIR
1767436455720,2,0,0,0,0,0,319.27906036376953,291.86336517333984,-17.899367809295654,Bouche ouverte,S_ASSOIR
1767436455779,2,0,0,0,0,0,319.27906036376953,291.86336517333984,-17.899367809295654,surprised,S_ASSOIR
1767436455779,3,0,0,0,0,0,314.3784713745117,295.6592273712158,-17.209413051605225,Bouche ouverte,S_ASSOIR
1767436455844,3,0,0,0,0,0,314.3784713745117,295.6592273712158,-17.209413051605225,surprised,S_ASSOIR
1767436455844,3,0,0,0,0,0,301.4125633239746,306.44042015075684,-15.340423583984375,Bouche ouverte,S_ASSOIR
1767436455908,3,0,0,0,0,0,301.4125633239746,306.44042015075684,-15.340423583984375,surprised,S_ASSOIR
1767436455908,4,0,0,0,0,0,292.4900436401367,307.1642875671387,-15.708862543106079,Bouche ouverte,S_ASSOIR
1767436455980,4,0,0,0,0,0,292.4900436401367,307.1642875671387,-15.708862543106079,surprised,S_ASSOIR
1767436455980,5,0,0,0,0,0,281.4580535888672,302.6902770996094,-16.437113285064697,Bouche ouverte,S_ASSOIR
1767436456045,5,0,0,0,0,0,281.4580535888672,302.6902770996094,-16.437113285064697,surprised,S_ASSOIR
1767436456045,3,0,0,0,0,0,278.43807220458984,303.23123931884766,-16.178265810012817,Bouche ouverte,S_ASSOIR
1767436456111,3,0,0,0,0,0,278.43807220458984,303.23123931884766,-16.178265810012817,surprised,S_ASSOIR
1767436456112,2,0,0,0,0,0,282.1149444580078,308.51612091064453,-12.962071895599365,Bouche ouverte,S_ASSOIR
1767436456190,2,0,0,0,0,0,282.1149444580078,308.51612091064453,-12.962071895599365,surprised,S_ASSOIR
1767436456190,4,0,0,0,0,0,275.5653953552246,305.4853820800781,-14.316061735153198,Bouche ouverte,S_ASSOIR
1767436456255,4,0,0,0,0,0,275.5653953552246,305.4853820800781,-14.316061735153198,surprised,S_ASSOIR
1767436456255,2,0,0,0,0,0,283.12305450439453,306.2778854370117,-12.566052675247192,Bouche ouverte,S_ASSOIR
1767436456317,2,0,0,0,0,0,283.12305450439453,306.2778854370117,-12.566052675247192,surprised,S_ASSOIR
1767436456317,3,0,0,0,0,0,285.09721755981445,306.5076541900635,-13.386507034301758,Bouche ouverte,S_ASSOIR
1767436456373,3,0,0,0,0,0,285.09721755981445,306.5076541900635,-13.386507034301758,surprised,S_ASSOIR
1767436456374,3,0,0,0,0,0,291.6068458557129,294.91610527038574,-14.631515741348267,Bouche ouverte,S_ASSOIR
1767436456438,3,0,0,0,0,0,291.6068458557129,294.91610527038574,-14.631515741348267,surprised,S_ASSOIR
1767436456438,1,0,0,0,0,0,297.8759765625,289.66867446899414,-13.982430696487427,Bouche ouverte,S_ASSOIR
1767436456520,1,0,0,0,0,0,297.8759765625,289.66867446899414,-13.982430696487427,surprised,S_ASSOIR
1767436456520,2,0,0,0,0,0,313.08977127075195,282.0949172973633,-16.658215522766113,Bouche ouverte,S_ASSOIR
1767436456583,2,0,0,0,0,0,313.08977127075195,282.0949172973633,-16.658215522766113,surprised,S_ASSOIR
1767436456583,1,0,0,0,0,0,327.2692108154297,273.7247943878174,-16.005059480667114,Bouche ouverte,S_ASSOIR
1767436456653,1,0,0,0,0,0,327.2692108154297,273.7247943878174,-16.005059480667114,surprised,S_ASSOIR
1767436456653,1,0,0,0,0,0,330.72547912597656,271.0319137573242,-17.444450855255127,Bouche ouverte,S_ASSOIR
1767436456753,1,0,0,0,0,0,330.72547912597656,271.0319137573242,-17.444450855255127,surprised,S_ASSOIR
1767436456753,1,0,0,0,0,0,335.24959564208984,262.9108142852783,-17.814452648162842,Bouche ouverte,S_ASSOIR
1767436456846,1,0,0,0,0,0,335.24959564208984,262.9108142852783,-17.814452648162842,surprised,S_ASSOIR
1767436456846,1,0,0,0,0,0,355.7636260986328,256.61367416381836,-18.336195945739746,Bouche ouverte,S_ASSOIR
1767436456941,1,0,0,0,0,0,355.7636260986328,256.61367416381836,-18.336195945739746,surprised,S_ASSOIR
1767436456941,2,0,0,0,0,0,356.8721389770508,250.35555839538574,-15.09450912475586,Bouche ouverte,S_ASSOIR
1767436457029,2,0,0,0,0,0,356.8721389770508,250.35555839538574,-15.09450912475586,Bouche ouverte,S_ASSOIR
1767436457362,1,0,0,0,0,0,432.4166488647461,269.9055290222168,-24.38089609146118,Bouche ouverte,S_ASSOIR
1767436457482,1,0,0,0,0,0,432.4166488647461,269.9055290222168,-24.38089609146118,surprised,S_ASSOIR
1767436457482,1,0,0,0,0,0,446.8545913696289,270.7308769226074,-20.191593170166016,Bouche ouverte,S_ASSOIR
1767436457593,1,0,0,0,0,0,446.8545913696289,270.7308769226074,-20.191593170166016,surprised,S_ASSOIR
1767436457593,1,0,0,0,0,0,430.9650421142578,283.0990505218506,-15.237994194030762,Bouche ouverte,S_ASSOIR
1767436457714,1,0,0,0,0,0,430.9650421142578,283.0990505218506,-15.237994194030762,surprised,S_ASSOIR
1767436457714,1,0,0,0,0,0,437.6533889770508,287.53907203674316,-14.52662467956543,Bouche ouverte,S_ASSOIR
1767436457822,1,0,0,0,0,0,437.6533889770508,287.53907203674316,-14.52662467956543,surprised,S_ASSOIR
1767436457822,1,0,0,0,0,0,421.8212890625,283.6769199371338,-14.690465927124023,Bouche ouverte,S_ASSOIR
1767436457974,1,0,0,0,0,0,421.8212890625,283.6769199371338,-14.690465927124023,surprised,S_ASSOIR
1767436457974,1,0,0,0,0,0,413.8933563232422,283.5854244232178,-15.078673362731934,Bouche ouverte,S_ASSOIR
1767436458081,1,0,0,0,0,0,413.8933563232422,283.5854244232178,-15.078673362731934,surprised,S_ASSOIR
1767436458081,2,0,0,0,0,0,396.0900115966797,281.2049388885498,-13.677611351013184,Bouche ouverte,S_ASSOIR
1767436458190,2,0,0,0,0,0,396.0900115966797,281.2049388885498,-13.677611351013184,surprised,S_ASSOIR
1767436458190,2,0,0,0,0,0,400.9123229980469,276.60956382751465,-15.982447862625122,Bouche ouverte,S_ASSOIR
1767436458323,2,0,0,0,0,0,400.9123229980469,276.60956382751465,-15.982447862625122,surprised,S_ASSOIR
1767436458323,2,0,0,0,0,0,387.65811920166016,263.54867935180664,-20.159807205200195,Bouche ouverte,S_ASSOIR
1767436458431,2,0,0,0,0,0,387.65811920166016,263.54867935180664,-20.159807205200195,surprised,S_ASSOIR
1767436458432,3,0,0,0,0,0,378.67767333984375,239.4050931930542,-20.840492248535156,Bouche ouverte,S_ASSOIR
1767436458545,3,0,0,0,0,0,378.67767333984375,239.4050931930542,-20.840492248535156,surprised,S_ASSOIR
1767436458545,3,0,0,0,0,0,373.8966369628906,208.4201717376709,-24.69979763031006,Bouche ouverte,S_ASSOIR
1767436458651,3,0,0,0,0,0,373.8966369628906,208.4201717376709,-24.69979763031006,surprised,S_ASSOIR
1767436458652,1,0,0,0,0,0,372.9497528076172,214.78700637817383,-25.056798458099365,Bouche ouverte,S_ASSOIR
1767436458761,1,0,0,0,0,0,372.9497528076172,214.78700637817383,-25.056798458099365,surprised,S_ASSOIR
1767436458761,1,0,0,0,0,0,357.78125762939453,215.89336395263672,-23.09514284133911,Bouche ouverte,S_ASSOIR
1767436458878,1,0,0,0,0,0,357.78125762939453,215.89336395263672,-23.09514284133911,surprised,S_ASSOIR
1767436458879,1,0,0,0,0,0,360.74928283691406,199.42759037017822,-28.23890447616577,Bouche ouverte,S_ASSOIR
1767436458996,1,0,0,0,0,0,360.74928283691406,199.42759037017822,-28.23890447616577,surprised,S_ASSOIR
1767436458996,3,0,0,0,0,0,369.9119567871094,201.31925582885742,-20.72777032852173,Bouche ouverte,S_ASSOIR
1767436459101,3,0,0,0,0,0,369.9119567871094,201.31925582885742,-20.72777032852173,surprised,S_ASSOIR
1767436459101,3,0,0,0,0,0,382.14488983154297,192.18066215515137,-21.98537826538086,Bouche ouverte,S_ASSOIR
1767436459211,3,0,0,0,0,0,382.14488983154297,192.18066215515137,-21.98537826538086,surprised,S_ASSOIR
1767436459211,3,0,0,0,0,0,388.7656021118164,195.759015083313,-20.540688037872314,Bouche ouverte,S_ASSOIR
1767436459314,3,0,0,0,0,0,388.7656021118164,195.759015083313,-20.540688037872314,surprised,S_ASSOIR
1767436459314,3,0,0,0,0,0,386.656494140625,211.7372989654541,-17.355424165725708,Bouche ouverte,S_ASSOIR
1767436459418,3,0,0,0,0,0,386.656494140625,211.7372989654541,-17.355424165725708,surprised,S_ASSOIR
1767436459418,2,0,0,0,0,0,387.89344787597656,211.24038219451904,-18.020460605621338,Bouche ouverte,S_ASSOIR
1767436459519,2,0,0,0,0,0,387.89344787597656,211.24038219451904,-18.020460605621338,surprised,S_ASSOIR
1767436459519,3,0,0,0,0,0,396.59679412841797,218.23187828063965,-18.317159414291382,Bouche ouverte,S_ASSOIR
1767436459738,3,0,0,0,0,0,396.59679412841797,218.23187828063965,-18.317159414291382,surprised,S_ASSOIR
1767436459738,2,0,0,0,0,0,414.41246032714844,219.60256576538086,-18.11911106109619,Bouche ouverte,S_ASSOIR
1767436459880,2,0,0,0,0,0,414.41246032714844,219.60256576538086,-18.11911106109619,surprised,S_ASSOIR
1767436459880,2,0,0,0,0,0,438.8093566894531,227.92951583862305,-18.62380623817444,Bouche ouverte,S_ASSOIR
1767436459987,2,0,0,0,0,0,438.8093566894531,227.92951583862305,-18.62380623817444,surprised,S_ASSOIR
1767436459987,1,0,0,0,0,0,447.3501205444336,231.080002784729,-18.76074194908142,Bouche ouverte,S_ASSOIR
1767436460089,1,0,0,0,0,0,447.3501205444336,231.080002784729,-18.76074194908142,surprised,S_ASSOIR
1767436460089,2,0,0,0,0,0,456.76788330078125,235.79288005828857,-19.335598945617676,Bouche ouverte,S_ASSOIR
1767436460180,2,0,0,0,0,0,456.76788330078125,235.79288005828857,-19.335598945617676,surprised,S_ASSOIR
1767436460180,1,0,0,0,0,0,454.7259521484375,246.6192626953125,-18.236268758773804,Bouche ouverte,S_ASSOIR
1767436460277,1,0,0,0,0,0,454.7259521484375,246.6192626953125,-18.236268758773804,surprised,S_ASSOIR
1767436460277,1,0,0,0,0,0,448.11988830566406,257.50648498535156,-17.227458953857422,Bouche ouverte,S_ASSOIR
1767436460357,1,0,0,0,0,0,448.11988830566406,257.50648498535156,-17.227458953857422,surprised,S_ASSOIR
1767436460357,1,0,0,0,0,0,425.8884048461914,270.8334732055664,-17.205586433410645,Bouche ouverte,S_ASSOIR
1767436460438,1,0,0,0,0,0,425.8884048461914,270.8334732055664,-17.205586433410645,surprised,S_ASSOIR
1767436460438,1,0,0,0,0,0,412.48069763183594,281.0016345977783,-15.892037153244019,Bouche ouverte,S_ASSOIR
1767436460514,1,0,0,0,0,0,412.48069763183594,281.0016345977783,-15.892037153244019,surprised,S_ASSOIR
1767436460514,1,0,0,0,0,0,391.7019271850586,292.0378017425537,-16.610409021377563,Bouche ouverte,S_ASSOIR
1767436460588,1,0,0,0,0,0,391.7019271850586,292.0378017425537,-16.610409021377563,surprised,S_ASSOIR
1767436460588,2,0,0,0,0,0,379.5037841796875,297.9178047180176,-14.577758312225342,Bouche ouverte,S_ASSOIR
1767436460681,2,0,0,0,0,0,379.5037841796875,297.9178047180176,-14.577758312225342,surprised,SALUER
1767436460681,2,0,0,0,0,0,374.847412109375,305.1825428009033,-13.892403841018677,Bouche ouverte,SALUER
1767436460772,2,0,0,0,0,0,374.847412109375,305.1825428009033,-13.892403841018677,surprised,SALUER
1767436460772,1,0,0,0,0,0,370.02742767333984,313.5786724090576,-13.279809951782227,Bouche ouverte,SALUER
1767436460864,1,0,0,0,0,0,370.02742767333984,313.5786724090576,-13.279809951782227,surprised,SALUER
1767436460864,2,0,0,0,0,0,363.7236785888672,323.2753658294678,-10.174452066421509,Bouche ouverte,SALUER
1767436460946,2,0,0,0,0,0,363.7236785888672,323.2753658294678,-10.174452066421509,surprised,SALUER
1767436460947,1,0,0,0,0,0,356.9120407104492,331.1373996734619,-7.762781381607056,Bouche ouverte,SALUER
1767436461029,1,0,0,0,0,0,356.9120407104492,331.1373996734619,-7.762781381607056,surprised,SALUER
1767436461029,2,0,0,0,0,0,351.6318130493164,335.9923553466797,-7.876248359680176,Bouche ouverte,SALUER
1767436461157,2,0,0,0,0,0,351.6318130493164,335.9923553466797,-7.876248359680176,surprised,SALUER
1767436461157,1,0,0,0,0,0,346.6319274902344,336.95972442626953,-7.622247934341431,Bouche ouverte,SALUER
1767436461245,1,0,0,0,0,0,346.6319274902344,336.95972442626953,-7.622247934341431,surprised,SALUER
1767436461245,1,0,0,0,0,0,351.2300109863281,341.9608783721924,-9.077808260917664,Bouche ouverte,SALUER
1767436461342,1,0,0,0,0,0,351.2300109863281,341.9608783721924,-9.077808260917664,surprised,SALUER
1767436461342,2,0,0,0,0,0,353.1412887573242,346.6758728027344,-7.175398468971252,Bouche ouverte,SALUER
1767436461437,2,0,0,0,0,0,353.1412887573242,346.6758728027344,-7.175398468971252,surprised,SALUER
1767436461437,1,0,0,0,0,0,341.6929626464844,350.4997730255127,-4.546388387680054,Bouche ouverte,SALUER
1767436461525,1,0,0,0,0,0,341.6929626464844,350.4997730255127,-4.546388387680054,surprised,SALUER
1767436461525,1,0,0,0,0,0,337.86903381347656,348.7722587585449,-3.230651319026947,Bouche ouverte,SALUER
1767436461620,1,0,0,0,0,0,337.86903381347656,348.7722587585449,-3.230651319026947,surprised,SALUER
1767436461621,0,0,0,0,0,0,331.7876434326172,352.0583724975586,-4.896440505981445,Bouche ouverte,SALUER
1767436461697,0,0,0,0,0,0,331.7876434326172,352.0583724975586,-4.896440505981445,surprised,SALUER
1767436461697,1,0,0,0,0,0,321.8935012817383,356.43802642822266,-2.94342041015625,Bouche ouverte,SALUER
1767436461796,1,0,0,0,0,0,321.8935012817383,356.43802642822266,-2.94342041015625,surprised,SALUER
1767436461796,1,0,0,0,0,0,316.82016372680664,356.8620300292969,-1.4434351027011871,Bouche ouverte,SALUER
1767436461886,1,0,0,0,0,0,316.82016372680664,356.8620300292969,-1.4434351027011871,surprised,SALUER
1767436461887,1,0,0,0,0,0,312.6739311218262,357.01663970947266,-3.158019781112671,Bouche ouverte,SALUER
1767436461987,1,0,0,0,0,0,312.6739311218262,357.01663970947266,-3.158019781112671,surprised,SALUER
1767436461987,1,0,0,0,0,0,312.31346130371094,356.9058322906494,-3.4971317648887634,Bouche ouverte,SALUER
1767436462070,1,0,0,0,0,0,312.31346130371094,356.9058322906494,-3.4971317648887634,surprised,SALUER
1767436462070,1,0,0,0,0,0,305.274600982666,356.2994956970215,-4.406483173370361,Bouche ouverte,SALUER
1767436462151,1,0,0,0,0,0,305.274600982666,356.2994956970215,-4.406483173370361,surprised,SALUER
1767436462151,0,0,0,0,0,0,297.05169677734375,354.1340446472168,-2.8903836011886597,Bouche ouverte,SALUER
1767436462227,0,0,0,0,0,0,297.05169677734375,354.1340446472168,-2.8903836011886597,surprised,SALUER
1767436462227,1,0,0,0,0,0,294.4080924987793,354.96703147888184,-3.549179434776306,Bouche ouverte,SALUER
1767436462308,1,0,0,0,0,0,294.4080924987793,354.96703147888184,-3.549179434776306,surprised,SALUER
1767436462309,0,0,0,0,0,0,286.74325942993164,356.506290435791,-2.527676522731781,Bouche ouverte,SALUER
1767436462468,0,0,0,0,0,0,286.74325942993164,356.506290435791,-2.527676522731781,surprised,SALUER
1767436462468,1,0,0,0,0,0,286.2175178527832,355.198917388916,-2.7094659209251404,Bouche ouverte,SALUER
1767436462550,1,0,0,0,0,0,286.2175178527832,355.198917388916,-2.7094659209251404,surprised,SALUER
1767436462550,1,0,0,0,0,0,276.03240966796875,360.6200981140137,-3.230219781398773,Bouche ouverte,SALUER
1767436462635,1,0,0,0,0,0,276.03240966796875,360.6200981140137,-3.230219781398773,surprised,SALUER
1767436462635,0,0,0,0,0,0,270.83967208862305,366.18773460388184,-1.076536476612091,Bouche ouverte,SALUER
1767436462713,0,0,0,0,0,0,270.83967208862305,366.18773460388184,-1.076536476612091,surprised,SALUER
1767436462713,1,0,0,0,0,0,270.0027656555176,368.5685634613037,0.46471115201711655,Bouche ouverte,SALUER
1767436462807,1,0,0,0,0,0,270.0027656555176,368.5685634613037,0.46471115201711655,surprised,SALUER
1767436462807,1,0,0,0,0,0,270.25774002075195,370.3418254852295,0.40637847036123276,Bouche ouverte,SALUER
1767436462888,1,0,0,0,0,0,270.25774002075195,370.3418254852295,0.40637847036123276,surprised,SALUER
1767436462888,1,0,0,0,0,0,271.97839736938477,377.18530654907227,3.2075631618499756,Bouche ouverte,SALUER
1767436462979,1,0,0,0,0,0,271.97839736938477,377.18530654907227,3.2075631618499756,surprised,SALUER
1767436462979,0,0,0,0,0,0,271.7649841308594,382.18923568725586,3.183945417404175,Bouche ouverte,SALUER
1767436463050,0,0,0,0,0,0,271.7649841308594,382.18923568725586,3.183945417404175,surprised,SALUER
1767436463050,0,0,0,0,0,0,276.6851806640625,382.0949363708496,4.5172372460365295,Bouche ouverte,SALUER
1767436463135,0,0,0,0,0,0,276.6851806640625,382.0949363708496,4.5172372460365295,surprised,SALUER
1767436463136,0,0,0,0,0,0,280.26681900024414,385.4345512390137,5.0968533754348755,Bouche ouverte,SALUER
1767436463211,0,0,0,0,0,0,280.26681900024414,385.4345512390137,5.0968533754348755,surprised,SALUER
1767436463211,0,0,0,0,0,0,285.8190155029297,390.13855934143066,4.738065600395203,Bouche ouverte,SALUER
1767436463298,0,0,0,0,0,0,285.8190155029297,390.13855934143066,4.738065600395203,surprised,SALUER
1767436463298,0,0,0,0,0,0,286.16682052612305,387.5089645385742,2.916453778743744,Bouche ouverte,SALUER
1767436463400,0,0,0,0,0,0,286.16682052612305,387.5089645385742,2.916453778743744,surprised,SALUER
1767436463400,0,0,0,0,0,0,282.0237922668457,385.3470039367676,2.648518979549408,Bouche ouverte,SALUER
1767436463479,0,0,0,0,0,0,282.0237922668457,385.3470039367676,2.648518979549408,surprised,SALUER
1767436463479,0,0,0,0,0,0,284.3182373046875,385.0491142272949,2.3315857350826263,Bouche ouverte,SALUER
1767436463570,0,0,0,0,0,0,284.3182373046875,385.0491142272949,2.3315857350826263,surprised,SALUER
1767436463570,0,0,0,0,0,0,285.28881072998047,386.7505645751953,3.0247336626052856,Bouche ouverte,SALUER
1767436463647,0,0,0,0,0,0,285.28881072998047,386.7505645751953,3.0247336626052856,surprised,SALUER
1767436463647,0,0,0,0,0,0,289.60397720336914,389.7789001464844,2.918015718460083,Bouche ouverte,SALUER
1767436463731,0,0,0,0,0,0,289.60397720336914,389.7789001464844,2.918015718460083,surprised,SALUER
1767436463731,0,0,0,0,0,0,289.20623779296875,388.48889350891113,3.545732796192169,Bouche ouverte,SALUER
1767436463805,0,0,0,0,0,0,289.20623779296875,388.48889350891113,3.545732796192169,surprised,SALUER
1767436463806,0,0,0,0,0,0,286.78422927856445,392.42666244506836,4.02570903301239,Bouche ouverte,SALUER
1767436463915,0,0,0,0,0,0,286.78422927856445,392.42666244506836,4.02570903301239,surprised,SALUER
1767436463915,0,0,0,0,0,0,285.8839416503906,390.66487312316895,3.2701051235198975,Bouche ouverte,SALUER
1767436463995,0,0,0,0,0,0,285.8839416503906,390.66487312316895,3.2701051235198975,surprised,SALUER
1767436463995,0,0,0,0,0,0,283.72352600097656,387.81500816345215,3.813007175922394,Bouche ouverte,SALUER
1767436464082,0,0,0,0,0,0,283.72352600097656,387.81500816345215,3.813007175922394,surprised,SALUER
1767436464082,0,0,0,0,0,0,289.453067779541,389.1598320007324,4.2736780643463135,Bouche ouverte,SALUER
1767436464161,0,0,0,0,0,0,289.453067779541,389.1598320007324,4.2736780643463135,surprised,SALUER
1767436464162,0,0,0,0,0,0,294.12384033203125,391.5229797363281,3.736232817173004,Bouche ouverte,SALUER
1767436464237,0,0,0,0,0,0,294.12384033203125,391.5229797363281,3.736232817173004,surprised,SALUER
1767436464237,0,0,0,0,0,0,296.9369697570801,393.85485649108887,4.278819262981415,Bouche ouverte,SALUER
1767436464318,0,0,0,0,0,0,296.9369697570801,393.85485649108887,4.278819262981415,surprised,SALUER
1767436464318,0,0,0,0,0,0,300.14123916625977,397.0586585998535,5.244358777999878,Bouche ouverte,SALUER
1767436464402,0,0,0,0,0,0,300.14123916625977,397.0586585998535,5.244358777999878,surprised,SALUER
1767436464402,0,0,0,0,0,0,300.84232330322266,398.8008499145508,4.698852896690369,Bouche ouverte,SALUER
1767436464486,0,0,0,0,0,0,300.84232330322266,398.8008499145508,4.698852896690369,surprised,SALUER
1767436464487,0,0,0,0,0,0,303.8958168029785,400.2032661437988,5.120540261268616,Bouche ouverte,SALUER
1767436464578,0,0,0,0,0,0,303.8958168029785,400.2032661437988,5.120540261268616,surprised,SALUER
1767436464578,1,0,0,0,0,0,299.67994689941406,403.8412857055664,6.603185534477234,Bouche ouverte,SALUER
1767436464670,1,0,0,0,0,0,299.67994689941406,403.8412857055664,6.603185534477234,surprised,SALUER
1767436464670,1,0,0,0,0,0,296.3840103149414,402.86230087280273,7.880651354789734,Bouche ouverte,SALUER
1767436464760,1,0,0,0,0,0,296.3840103149414,402.86230087280273,7.880651354789734,surprised,SALUER
1767436464760,1,0,0,0,0,0,294.2630386352539,402.6367664337158,7.560721039772034,Bouche ouverte,SALUER
1767436464860,1,0,0,0,0,0,294.2630386352539,402.6367664337158,7.560721039772034,surprised,SALUER
1767436464861,1,0,0,0,0,0,291.7915725708008,396.52862548828125,6.924881339073181,Bouche ouverte,SALUER
1767436464937,1,0,0,0,0,0,291.7915725708008,396.52862548828125,6.924881339073181,surprised,SALUER
1767436464937,0,0,0,0,0,0,294.2108726501465,391.8179225921631,5.48145055770874,Bouche ouverte,SALUER
1767436465019,0,0,0,0,0,0,294.2108726501465,391.8179225921631,5.48145055770874,surprised,SALUER
1767436465019,1,0,0,0,0,0,289.5125198364258,392.6480770111084,6.706444621086121,Bouche ouverte,SALUER
1767436465107,1,0,0,0,0,0,289.5125198364258,392.6480770111084,6.706444621086121,surprised,SALUER
1767436465107,0,0,0,0,0,0,290.9257698059082,395.0457000732422,7.089690566062927,Bouche ouverte,SALUER
1767436465283,0,0,0,0,0,0,290.9257698059082,395.0457000732422,7.089690566062927,surprised,SALUER
1767436465283,0,0,0,0,0,0,288.05870056152344,393.8826370239258,6.293597221374512,Bouche ouverte,SALUER
1767436465365,0,0,0,0,0,0,288.05870056152344,393.8826370239258,6.293597221374512,surprised,SALUER
1767436465365,0,0,0,0,0,0,283.4366989135742,403.94067764282227,9.25000786781311,Bouche ouverte,SALUER
1767436465442,0,0,0,0,0,0,283.4366989135742,403.94067764282227,9.25000786781311,surprised,SALUER
1767436465442,0,0,0,0,0,0,281.5266418457031,404.49914932250977,8.786128163337708,Bouche ouverte,SALUER
1767436465512,0,0,0,0,0,0,281.5266418457031,404.49914932250977,8.786128163337708,surprised,SALUER
1767436465512,0,0,0,0,0,0,279.0252494812012,406.99499130249023,7.066106200218201,Bouche ouverte,SALUER
1767436465586,0,0,0,0,0,0,279.0252494812012,406.99499130249023,7.066106200218201,surprised,SALUER
1767436465586,0,0,0,0,0,0,277.89039611816406,408.41517448425293,8.70671808719635,Bouche ouverte,SALUER
1767436465661,0,0,0,0,0,0,277.89039611816406,408.41517448425293,8.70671808719635,surprised,SALUER
1767436465661,1,0,0,0,0,0,272.1671676635742,406.20165824890137,9.673402309417725,Bouche ouverte,SALUER
1767436465736,1,0,0,0,0,0,272.1671676635742,406.20165824890137,9.673402309417725,surprised,SALUER
1767436465736,0,0,0,0,0,0,266.3982963562012,406.0290241241455,10.1717209815979,Bouche ouverte,SALUER
1767436465812,0,0,0,0,0,0,266.3982963562012,406.0290241241455,10.1717209815979,surprised,SALUER
1767436465812,0,0,0,0,0,0,263.3567428588867,405.10425567626953,10.161707401275635,Bouche ouverte,SALUER
1767436465889,0,0,0,0,0,0,263.3567428588867,405.10425567626953,10.161707401275635,surprised,SALUER
1767436465890,0,0,0,0,0,0,254.74939346313477,405.15209197998047,9.786495566368103,Bouche ouverte,SALUER
1767436465960,0,0,0,0,0,0,254.74939346313477,405.15209197998047,9.786495566368103,surprised,SALUER
1767436465960,0,0,0,0,0,0,252.69134521484375,408.87462615966797,10.069667100906372,Bouche ouverte,SALUER
1767436466037,0,0,0,0,0,0,252.69134521484375,408.87462615966797,10.069667100906372,surprised,SALUER
1767436466037,0,0,0,0,0,0,248.62014770507812,409.23437118530273,9.794758558273315,Bouche ouverte,SALUER
1767436466112,0,0,0,0,0,0,248.62014770507812,409.23437118530273,9.794758558273315,surprised,SALUER
1767436466112,0,0,0,0,0,0,246.9688606262207,406.1847496032715,10.32569169998169,Bouche ouverte,SALUER
1767436466197,0,0,0,0,0,0,246.9688606262207,406.1847496032715,10.32569169998169,surprised,SALUER
1767436466197,0,0,0,0,0,0,246.1133575439453,405.9803009033203,10.821104049682617,Bouche ouverte,SALUER
1767436466280,0,0,0,0,0,0,246.1133575439453,405.9803009033203,10.821104049682617,surprised,SALUER
1767436466280,0,0,0,0,0,0,244.28716659545898,407.40283012390137,11.660161018371582,Bouche ouverte,SALUER
1767436466355,0,0,0,0,0,0,244.28716659545898,407.40283012390137,11.660161018371582,surprised,SALUER
1767436466355,1,0,0,0,0,0,242.4083137512207,405.8126449584961,10.629149675369263,Bouche ouverte,SALUER
1767436466433,1,0,0,0,0,0,242.4083137512207,405.8126449584961,10.629149675369263,surprised,SALUER
1767436466433,0,0,0,0,0,0,243.5413932800293,406.7204475402832,11.385631561279297,Bouche ouverte,SALUER
1767436466492,0,0,0,0,0,0,243.5413932800293,406.7204475402832,11.385631561279297,surprised,SALUER
1767436466492,0,0,0,0,0,0,247.62737274169922,410.6205940246582,11.159943342208862,Bouche ouverte,SALUER
1767436466580,0,0,0,0,0,0,247.62737274169922,410.6205940246582,11.159943342208862,surprised,SALUER
1767436466581,0,0,0,0,0,0,250.14995574951172,401.9852828979492,10.424960851669312,Bouche ouverte,SALUER
1767436466658,0,0,0,0,0,0,250.14995574951172,401.9852828979492,10.424960851669312,surprised,SALUER
1767436466658,0,0,0,0,0,0,259.9396324157715,397.23426818847656,9.779307842254639,Bouche ouverte,SALUER
1767436466750,0,0,0,0,0,0,259.9396324157715,397.23426818847656,9.779307842254639,surprised,SALUER
1767436466750,0,0,0,0,0,0,265.3732109069824,395.7214164733887,9.688169956207275,Bouche ouverte,SALUER
1767436466849,0,0,0,0,0,0,265.3732109069824,395.7214164733887,9.688169956207275,surprised,SALUER
1767436466849,0,0,0,0,0,0,271.12627029418945,399.3133735656738,8.048889636993408,Bouche ouverte,SALUER
1767436466936,0,0,0,0,0,0,271.12627029418945,399.3133735656738,8.048889636993408,surprised,SALUER
1767436466936,1,0,0,0,0,0,280.911922454834,397.044095993042,6.242333650588989,Bouche ouverte,SALUER
1767436467007,1,0,0,0,0,0,280.911922454834,397.044095993042,6.242333650588989,surprised,SALUER
1767436467007,0,0,0,0,0,0,282.7377128601074,392.87487030029297,5.02924382686615,Bouche ouverte,SALUER
1767436467091,0,0,0,0,0,0,282.7377128601074,392.87487030029297,5.02924382686615,surprised,SALUER
1767436467092,0,0,0,0,0,0,279.5013999938965,389.94664192199707,4.663598835468292,Bouche ouverte,SALUER
1767436467178,0,0,0,0,0,0,279.5013999938965,389.94664192199707,4.663598835468292,surprised,SALUER
1767436467178,0,0,0,0,0,0,277.3181343078613,386.136474609375,2.401629686355591,Bouche ouverte,SALUER
1767436467253,0,0,0,0,0,0,277.3181343078613,386.136474609375,2.401629686355591,surprised,SALUER
1767436467253,0,0,0,0,0,0,281.61190032958984,384.049072265625,2.8047624230384827,Bouche ouverte,SALUER
1767436467420,0,0,0,0,0,0,281.61190032958984,384.049072265625,2.8047624230384827,surprised,SALUER
1767436467420,1,0,0,0,0,0,288.2822036743164,382.92537689208984,1.9483290612697601,Bouche ouverte,SALUER
1767436467514,1,0,0,0,0,0,288.2822036743164,382.92537689208984,1.9483290612697601,surprised,SALUER
1767436467514,1,0,0,0,0,0,304.32884216308594,372.31590270996094,0.20636368542909622,Bouche ouverte,SALUER
1767436467610,1,0,0,0,0,0,304.32884216308594,372.31590270996094,0.20636368542909622,surprised,SALUER
1767436467610,1,0,0,0,0,0,314.925479888916,367.65438079833984,0.2209549956023693,Bouche ouverte,SALUER
1767436467693,1,0,0,0,0,0,314.925479888916,367.65438079833984,0.2209549956023693,surprised,SALUER
1767436467693,1,0,0,0,0,0,323.9362335205078,364.4157600402832,-0.2673688903450966,Bouche ouverte,SALUER
1767436467778,1,0,0,0,0,0,323.9362335205078,364.4157600402832,-0.2673688903450966,surprised,SALUER
1767436467778,1,0,0,0,0,0,332.6335144042969,361.642541885376,-1.6812346875667572,Bouche ouverte,SALUER
1767436467886,1,0,0,0,0,0,332.6335144042969,361.642541885376,-1.6812346875667572,surprised,SALUER
1767436467886,1,0,0,0,0,0,345.4008102416992,359.55636978149414,-2.7056702971458435,Bouche ouverte,SALUER
1767436467993,1,0,0,0,0,0,345.4008102416992,359.55636978149414,-2.7056702971458435,surprised,SALUER
1767436467993,0,0,0,0,0,0,358.4469985961914,358.5557270050049,-5.458148717880249,Bouche ouverte,SALUER
1767436468088,0,0,0,0,0,0,358.4469985961914,358.5557270050049,-5.458148717880249,surprised,SALUER
1767436468088,1,0,0,0,0,0,369.9610137939453,357.31698989868164,-5.173445343971252,Bouche ouverte,SALUER
1767436468162,1,0,0,0,0,0,369.9610137939453,357.31698989868164,-5.173445343971252,surprised,SALUER
1767436468162,1,0,0,0,0,0,376.4698028564453,353.6988830566406,-6.458594799041748,Bouche ouverte,SALUER
1767436468241,1,0,0,0,0,0,376.4698028564453,353.6988830566406,-6.458594799041748,surprised,SALUER
1767436468241,1,0,0,0,0,0,375.3861999511719,352.45116233825684,-7.189714312553406,Bouche ouverte,SALUER
1767436468316,1,0,0,0,0,0,375.3861999511719,352.45116233825684,-7.189714312553406,surprised,SALUER
1767436468317,1,0,0,0,0,0,378.2543182373047,352.2375297546387,-6.956157684326172,Bouche ouverte,SALUER
1767436468401,1,0,0,0,0,0,378.2543182373047,352.2375297546387,-6.956157684326172,surprised,SALUER
1767436468401,1,0,0,0,0,0,377.5421142578125,355.33244132995605,-6.449090242385864,Bouche ouverte,SALUER
1767436468483,1,0,0,0,0,0,377.5421142578125,355.33244132995605,-6.449090242385864,surprised,SALUER
1767436468483,2,0,0,0,0,0,376.3596725463867,352.7925395965576,-7.247205376625061,Bouche ouverte,SALUER
1767436468577,2,0,0,0,0,0,376.3596725463867,352.7925395965576,-7.247205376625061,surprised,SALUER
1767436468578,1,0,0,0,0,0,379.16908264160156,355.0480270385742,-7.8147077560424805,Bouche ouverte,SALUER
1767436468660,1,0,0,0,0,0,379.16908264160156,355.0480270385742,-7.8147077560424805,surprised,SALUER
1767436468661,1,0,0,0,0,0,372.03861236572266,354.9026584625244,-7.80730128288269,Bouche ouverte,SALUER
1767436468735,1,0,0,0,0,0,372.03861236572266,354.9026584625244,-7.80730128288269,surprised,SALUER
1767436468735,1,0,0,0,0,0,372.6222610473633,356.85956954956055,-6.4941710233688354,Bouche ouverte,SALUER
1767436468813,1,0,0,0,0,0,372.6222610473633,356.85956954956055,-6.4941710233688354,surprised,SALUER
1767436468813,1,0,0,0,0,0,372.85755157470703,355.20263671875,-7.3467981815338135,Bouche ouverte,SALUER
1767436468887,1,0,0,0,0,0,372.85755157470703,355.20263671875,-7.3467981815338135,surprised,SALUER
1767436468887,1,0,0,0,0,0,371.6434097290039,354.6518898010254,-8.115521669387817,Bouche ouverte,SALUER
1767436468955,1,0,0,0,0,0,371.6434097290039,354.6518898010254,-8.115521669387817,surprised,SALUER
1767436468955,1,0,0,0,0,0,368.4897994995117,356.4837169647217,-7.467482686042786,Bouche ouverte,SALUER
1767436469028,1,0,0,0,0,0,368.4897994995117,356.4837169647217,-7.467482686042786,surprised,SALUER
1767436469028,1,0,0,0,0,0,366.3893127441406,358.9537811279297,-7.166196703910828,Bouche ouverte,SALUER
1767436469109,1,0,0,0,0,0,366.3893127441406,358.9537811279297,-7.166196703910828,surprised,SALUER
1767436469109,1,0,0,0,0,0,364.60060119628906,357.85314559936523,-7.4350738525390625,Bouche ouverte,SALUER
1767436469175,1,0,0,0,0,0,364.60060119628906,357.85314559936523,-7.4350738525390625,surprised,SALUER
1767436469175,1,0,0,0,0,0,363.7943649291992,359.2716693878174,-7.253053188323975,Bouche ouverte,SALUER
1767436469319,1,0,0,0,0,0,363.7943649291992,359.2716693878174,-7.253053188323975,surprised,SALUER
1767436469319,0,0,0,0,0,0,363.6393356323242,357.7447986602783,-7.763657569885254,Bouche ouverte,SALUER
1767436469406,0,0,0,0,0,0,363.6393356323242,357.7447986602783,-7.763657569885254,surprised,SALUER
1767436469406,1,0,0,0,0,0,362.3280715942383,353.7264060974121,-7.7577126026153564,Bouche ouverte,SALUER
1767436469494,1,0,0,0,0,0,362.3280715942383,353.7264060974121,-7.7577126026153564,surprised,SALUER
1767436469494,1,0,0,0,0,0,361.1732864379883,358.1609344482422,-7.76846170425415,Bouche ouverte,SALUER
1767436469589,1,0,0,0,0,0,361.1732864379883,358.1609344482422,-7.76846170425415,surprised,SALUER
1767436469590,1,0,0,0,0,0,363.08727264404297,361.68691635131836,-6.588262319564819,Bouche ouverte,SALUER
1767436469671,1,0,0,0,0,0,363.08727264404297,361.68691635131836,-6.588262319564819,surprised,SALUER
1767436469671,1,0,0,0,0,0,357.0695114135742,361.1868095397949,-7.418511509895325,Bouche ouverte,SALUER
1767436469743,1,0,0,0,0,0,357.0695114135742,361.1868095397949,-7.418511509895325,surprised,SALUER
1767436469743,1,0,0,0,0,0,356.7414093017578,358.27463150024414,-7.309998273849487,Bouche ouverte,SALUER
1767436469865,1,0,0,0,0,0,356.7414093017578,358.27463150024414,-7.309998273849487,surprised,SALUER
1767436469865,1,0,0,0,0,0,355.31322479248047,358.29920768737793,-7.7548617124557495,Bouche ouverte,SALUER
1767436469948,1,0,0,0,0,0,355.31322479248047,358.29920768737793,-7.7548617124557495,surprised,SALUER
1767436469948,2,0,0,0,0,0,351.15367889404297,357.66188621520996,-6.731746792793274,Bouche ouverte,SALUER
1767436470038,2,0,0,0,0,0,351.15367889404297,357.66188621520996,-6.731746792793274,surprised,SALUER
1767436470038,1,0,0,0,0,0,353.7973403930664,355.11563301086426,-6.856207847595215,Bouche ouverte,SALUER
1767436470126,1,0,0,0,0,0,353.7973403930664,355.11563301086426,-6.856207847595215,surprised,SALUER
1767436470126,1,0,0,0,0,0,353.9521789550781,354.22061920166016,-7.3860156536102295,Bouche ouverte,SALUER
1767436470213,1,0,0,0,0,0,353.9521789550781,354.22061920166016,-7.3860156536102295,surprised,SALUER
1767436470213,1,0,0,0,0,0,356.43054962158203,354.9643135070801,-6.82211697101593,Bouche ouverte,SALUER
1767436470320,1,0,0,0,0,0,356.43054962158203,354.9643135070801,-6.82211697101593,surprised,SALUER
1767436470320,1,0,0,0,0,0,362.65323638916016,355.9836959838867,-6.732457876205444,Bouche ouverte,SALUER
1767436470404,1,0,0,0,0,0,362.65323638916016,355.9836959838867,-6.732457876205444,surprised,SALUER
1767436470405,1,0,0,0,0,0,367.25303649902344,351.4262294769287,-8.82339358329773,Bouche ouverte,SALUER
1767436470491,1,0,0,0,0,0,367.25303649902344,351.4262294769287,-8.82339358329773,surprised,SALUER
1767436470491,2,0,0,0,0,0,370.0883102416992,351.3124465942383,-9.297371506690979,Bouche ouverte,SALUER
1767436470564,2,0,0,0,0,0,370.0883102416992,351.3124465942383,-9.297371506690979,surprised,SALUER
1767436470564,1,0,0,0,0,0,362.1001434326172,348.70994567871094,-9.03808057308197,Bouche ouverte,SALUER
1767436470636,1,0,0,0,0,0,362.1001434326172,348.70994567871094,-9.03808057308197,surprised,SALUER
1767436470636,1,0,0,0,0,0,360.35938262939453,344.5491027832031,-9.541960954666138,Bouche ouverte,SALUER
1767436470691,1,0,0,0,0,0,360.35938262939453,344.5491027832031,-9.541960954666138,surprised,SALUER
1767436470691,1,0,0,0,0,0,363.58253479003906,340.7511806488037,-9.723647832870483,Bouche ouverte,SALUER
1767436470736,1,0,0,0,0,0,363.58253479003906,340.7511806488037,-9.723647832870483,surprised,SALUER
1767436470736,1,0,0,0,0,0,364.8050308227539,334.25299644470215,-9.862000346183777,Bouche ouverte,SALUER
1767436470790,1,0,0,0,0,0,364.8050308227539,334.25299644470215,-9.862000346183777,surprised,SALUER
1767436470791,1,0,0,0,0,0,360.38856506347656,333.66454124450684,-10.171365737915039,Bouche ouverte,SALUER
1767436470846,1,0,0,0,0,0,360.38856506347656,333.66454124450684,-10.171365737915039,surprised,SALUER
1767436470846,1,0,0,0,0,0,365.25115966796875,332.57386207580566,-9.974755048751831,Bouche ouverte,SALUER
1767436470898,1,0,0,0,0,0,365.25115966796875,332.57386207580566,-9.974755048751831,surprised,SALUER
1767436470898,1,0,0,0,0,0,364.96837615966797,330.52453994750977,-10.101882219314575,Bouche ouverte,SALUER
1767436470946,1,0,0,0,0,0,364.96837615966797,330.52453994750977,-10.101882219314575,surprised,SALUER
1767436470946,1,0,0,0,0,0,363.13758850097656,330.66601753234863,-9.676156044006348,Bouche ouverte,SALUER
1767436471007,1,0,0,0,0,0,363.13758850097656,330.66601753234863,-9.676156044006348,surprised,SALUER
1767436471007,1,0,0,0,0,0,366.70326232910156,328.45516204833984,-11.228234767913818,Bouche ouverte,SALUER
1767436471060,1,0,0,0,0,0,366.70326232910156,328.45516204833984,-11.228234767913818,surprised,SALUER
1767436471060,1,0,0,0,0,0,365.6160354614258,329.5554542541504,-10.756171941757202,Bouche ouverte,SALUER
1767436471110,1,0,0,0,0,0,365.6160354614258,329.5554542541504,-10.756171941757202,surprised,SALUER
1767436471110,1,0,0,0,0,0,362.51598358154297,331.74656867980957,-10.834689140319824,Bouche ouverte,SALUER
1767436471154,1,0,0,0,0,0,362.51598358154297,331.74656867980957,-10.834689140319824,surprised,SALUER
1767436471154,1,0,0,0,0,0,368.3841323852539,334.3585395812988,-9.668904542922974,Bouche ouverte,SALUER
1767436471217,1,0,0,0,0,0,368.3841323852539,334.3585395812988,-9.668904542922974,surprised,SALUER
1767436471217,1,0,0,0,0,0,368.431396484375,334.69791412353516,-10.314821004867554,Bouche ouverte,SALUER
1767436471275,1,0,0,0,0,0,368.431396484375,334.69791412353516,-10.314821004867554,surprised,SALUER
1767436471275,1,0,0,0,0,0,361.18602752685547,335.08060455322266,-10.107115507125854,Bouche ouverte,SALUER
1767436471341,1,0,0,0,0,0,361.18602752685547,335.08060455322266,-10.107115507125854,surprised,SALUER
1767436471341,1,0,0,0,0,0,358.03966522216797,333.34073066711426,-9.223708510398865,Bouche ouverte,SALUER
1767436471401,1,0,0,0,0,0,358.03966522216797,333.34073066711426,-9.223708510398865,surprised,SALUER
1767436471401,1,0,0,0,0,0,351.47125244140625,331.2179374694824,-9.345970153808594,Bouche ouverte,SALUER
1767436471448,1,0,0,0,0,0,351.47125244140625,331.2179374694824,-9.345970153808594,surprised,SALUER
1767436471448,1,0,0,0,0,0,344.4474792480469,332.045259475708,-9.677777290344238,Bouche ouverte,SALUER
1767436471501,1,0,0,0,0,0,344.4474792480469,332.045259475708,-9.677777290344238,surprised,SALUER
1767436471501,1,0,0,0,0,0,343.2649230957031,328.32409858703613,-9.063428044319153,Bouche ouverte,SALUER
1767436471554,1,0,0,0,0,0,343.2649230957031,328.32409858703613,-9.063428044319153,surprised,SALUER
1767436471554,1,0,0,0,0,0,337.1334457397461,328.218469619751,-8.621017932891846,Bouche ouverte,SALUER
1767436471614,1,0,0,0,0,0,337.1334457397461,328.218469619751,-8.621017932891846,surprised,SALUER
1767436471614,1,0,0,0,0,0,335.4793167114258,327.30889320373535,-8.99468719959259,Bouche ouverte,SALUER
1767436471676,1,0,0,0,0,0,335.4793167114258,327.30889320373535,-8.99468719959259,surprised,SALUER
1767436471676,1,0,0,0,0,0,325.84632873535156,325.089054107666,-9.529536962509155,Bouche ouverte,SALUER
1767436471733,1,0,0,0,0,0,325.84632873535156,325.089054107666,-9.529536962509155,surprised,SALUER
1767436471733,1,0,0,0,0,0,321.44073486328125,324.883975982666,-8.95835280418396,Bouche ouverte,SALUER
1767436471786,1,0,0,0,0,0,321.44073486328125,324.883975982666,-8.95835280418396,surprised,SALUER
1767436471786,1,0,0,0,0,0,317.3060989379883,323.92035484313965,-9.017437100410461,Bouche ouverte,SALUER
1767436471841,1,0,0,0,0,0,317.3060989379883,323.92035484313965,-9.017437100410461,surprised,SALUER
1767436471842,2,0,0,0,0,0,314.0002632141113,325.7681179046631,-8.091755509376526,Bouche ouverte,SALUER
1767436471900,2,0,0,0,0,0,314.0002632141113,325.7681179046631,-8.091755509376526,surprised,SALUER
1767436471900,2,0,0,0,0,0,311.7323303222656,327.22412109375,-8.021398186683655,Bouche ouverte,SALUER
1767436471954,2,0,0,0,0,0,311.7323303222656,327.22412109375,-8.021398186683655,surprised,SALUER
1767436471955,1,0,0,0,0,0,311.46472930908203,321.5778350830078,-8.399046063423157,Bouche ouverte,SALUER
1767436472012,1,0,0,0,0,0,311.46472930908203,321.5778350830078,-8.399046063423157,surprised,S_ASSOIR
1767436472012,1,0,0,0,0,0,312.5992012023926,317.11277961730957,-7.744129300117493,Bouche ouverte,S_ASSOIR
1767436472070,1,0,0,0,0,0,312.5992012023926,317.11277961730957,-7.744129300117493,surprised,S_ASSOIR
1767436472070,1,0,0,0,0,0,318.32408905029297,306.3450050354004,-10.45428991317749,Bouche ouverte,S_ASSOIR
1767436472131,1,0,0,0,0,0,318.32408905029297,306.3450050354004,-10.45428991317749,surprised,S_ASSOIR
1767436472131,1,0,0,0,0,0,323.2319641113281,299.98629570007324,-13.44359278678894,Bouche ouverte,S_ASSOIR
1767436472184,1,0,0,0,0,0,323.2319641113281,299.98629570007324,-13.44359278678894,surprised,S_ASSOIR
1767436472184,2,0,0,0,0,0,330.45623779296875,301.6940975189209,-13.65374207496643,Bouche ouverte,S_ASSOIR
1767436472247,2,0,0,0,0,0,330.45623779296875,301.6940975189209,-13.65374207496643,surprised,S_ASSOIR
1767436472247,2,0,0,0,0,0,333.99757385253906,303.56486320495605,-12.464096546173096,Bouche ouverte,S_ASSOIR
1767436472307,2,0,0,0,0,0,333.99757385253906,303.56486320495605,-12.464096546173096,surprised,S_ASSOIR
1767436472307,2,0,0,0,0,0,338.4729766845703,309.26756858825684,-11.629185676574707,Bouche ouverte,S_ASSOIR
1767436472361,2,0,0,0,0,0,338.4729766845703,309.26756858825684,-11.629185676574707,surprised,SALUER
1767436472361,1,0,0,0,0,0,341.932373046875,310.0569534301758,-10.744702816009521,Bouche ouverte,SALUER
1767436472414,1,0,0,0,0,0,341.932373046875,310.0569534301758,-10.744702816009521,surprised,SALUER
1767436472414,1,0,0,0,0,0,344.85897064208984,310.46762466430664,-10.605583190917969,Bouche ouverte,SALUER
1767436472487,1,0,0,0,0,0,344.85897064208984,310.46762466430664,-10.605583190917969,surprised,SALUER
1767436472487,2,0,0,0,0,0,348.27735900878906,307.3047924041748,-10.532058477401733,Bouche ouverte,SALUER
1767436472549,2,0,0,0,0,0,348.27735900878906,307.3047924041748,-10.532058477401733,surprised,SALUER
1767436472549,2,0,0,0,0,0,346.71669006347656,309.37159538269043,-11.113365888595581,Bouche ouverte,SALUER
1767436472617,2,0,0,0,0,0,346.71669006347656,309.37159538269043,-11.113365888595581,surprised,SALUER
1767436472618,2,0,0,0,0,0,345.25745391845703,312.365026473999,-9.26093578338623,Bouche ouverte,SALUER
1767436472671,2,0,0,0,0,0,345.25745391845703,312.365026473999,-9.26093578338623,surprised,SALUER
1767436472671,1,0,0,0,0,0,346.5089416503906,316.0550308227539,-9.823542833328247,Bouche ouverte,SALUER
1767436472726,1,0,0,0,0,0,346.5089416503906,316.0550308227539,-9.823542833328247,surprised,SALUER
1767436472726,1,0,0,0,0,0,346.5042495727539,314.5620346069336,-9.330583214759827,Bouche ouverte,SALUER
1767436472775,1,0,0,0,0,0,346.5042495727539,314.5620346069336,-9.330583214759827,surprised,SALUER
1767436472775,1,0,0,0,0,0,348.19103240966797,314.4447612762451,-9.784626364707947,Bouche ouverte,SALUER
1767436472828,1,0,0,0,0,0,348.19103240966797,314.4447612762451,-9.784626364707947,surprised,SALUER
1767436472828,1,0,0,0,0,0,349.97203826904297,316.543550491333,-9.95164930820465,Bouche ouverte,SALUER
1767436472878,1,0,0,0,0,0,349.97203826904297,316.543550491333,-9.95164930820465,surprised,SALUER
1767436472878,1,0,0,0,0,0,349.61864471435547,321.7137908935547,-10.367792844772339,Bouche ouverte,SALUER
1767436472937,1,0,0,0,0,0,349.61864471435547,321.7137908935547,-10.367792844772339,surprised,SALUER
1767436472937,1,0,0,0,0,0,356.63021087646484,324.86008644104004,-9.458853602409363,Bouche ouverte,SALUER
1767436472986,1,0,0,0,0,0,356.63021087646484,324.86008644104004,-9.458853602409363,surprised,SALUER
1767436472986,2,0,0,0,0,0,357.4303436279297,328.83007049560547,-10.51803469657898,Bouche ouverte,SALUER
1767436473045,2,0,0,0,0,0,357.4303436279297,328.83007049560547,-10.51803469657898,surprised,SALUER
1767436473045,1,0,0,0,0,0,363.6004638671875,327.366943359375,-10.501562356948853,Bouche ouverte,SALUER
1767436473104,1,0,0,0,0,0,363.6004638671875,327.366943359375,-10.501562356948853,surprised,SALUER
1767436473105,1,0,0,0,0,0,363.7968063354492,322.94909477233887,-8.776179552078247,Bouche ouverte,SALUER
1767436473155,1,0,0,0,0,0,363.7968063354492,322.94909477233887,-8.776179552078247,surprised,SALUER
1767436473155,1,0,0,0,0,0,366.19651794433594,321.39163970947266,-9.714480638504028,Bouche ouverte,SALUER
1767436473211,1,0,0,0,0,0,366.19651794433594,321.39163970947266,-9.714480638504028,surprised,SALUER
1767436473211,1,0,0,0,0,0,363.87218475341797,317.87023544311523,-11.215564012527466,Bouche ouverte,SALUER
1767436473260,1,0,0,0,0,0,363.87218475341797,317.87023544311523,-11.215564012527466,surprised,SALUER
1767436473260,1,0,0,0,0,0,369.76444244384766,321.9002151489258,-11.046011447906494,Bouche ouverte,SALUER
1767436473316,1,0,0,0,0,0,369.76444244384766,321.9002151489258,-11.046011447906494,surprised,SALUER
1767436473316,2,0,0,0,0,0,366.9585418701172,323.16083908081055,-11.60301923751831,Bouche ouverte,SALUER
1767436473369,2,0,0,0,0,0,366.9585418701172,323.16083908081055,-11.60301923751831,surprised,SALUER
1767436473369,1,0,0,0,0,0,367.6470947265625,323.98509979248047,-11.127113103866577,Bouche ouverte,SALUER
1767436473421,1,0,0,0,0,0,367.6470947265625,323.98509979248047,-11.127113103866577,surprised,SALUER
1767436473421,1,0,0,0,0,0,367.9222869873047,322.439661026001,-11.96225881576538,Bouche ouverte,SALUER
1767436473476,1,0,0,0,0,0,367.9222869873047,322.439661026001,-11.96225881576538,surprised,SALUER
1767436473476,1,0,0,0,0,0,365.3053283691406,324.5245170593262,-11.893500089645386,Bouche ouverte,SALUER
1767436473532,1,0,0,0,0,0,365.3053283691406,324.5245170593262,-11.893500089645386,surprised,SALUER
1767436473532,1,0,0,0,0,0,372.8924560546875,322.6626777648926,-11.406174898147583,Bouche ouverte,SALUER
1767436473587,1,0,0,0,0,0,372.8924560546875,322.6626777648926,-11.406174898147583,surprised,SALUER
1767436473587,1,0,0,0,0,0,371.6737365722656,325.1011848449707,-13.108656406402588,Bouche ouverte,SALUER
1767436473637,1,0,0,0,0,0,371.6737365722656,325.1011848449707,-13.108656406402588,surprised,SALUER
1767436473637,1,0,0,0,0,0,363.77193450927734,326.59658432006836,-12.33906865119934,Bouche ouverte,SALUER
1767436473715,1,0,0,0,0,0,363.77193450927734,326.59658432006836,-12.33906865119934,surprised,SALUER
1767436473715,1,0,0,0,0,0,367.46788024902344,327.83517837524414,-11.353168487548828,Bouche ouverte,SALUER
1767436473807,1,0,0,0,0,0,367.46788024902344,327.83517837524414,-11.353168487548828,surprised,SALUER
1767436473807,1,0,0,0,0,0,365.08960723876953,324.21658515930176,-11.381524801254272,Bouche ouverte,SALUER
1767436473862,1,0,0,0,0,0,365.08960723876953,324.21658515930176,-11.381524801254272,surprised,SALUER
1767436473862,1,0,0,0,0,0,365.1050567626953,322.3711109161377,-12.014000415802002,Bouche ouverte,SALUER
1767436473912,1,0,0,0,0,0,365.1050567626953,322.3711109161377,-12.014000415802002,surprised,SALUER
1767436473912,1,0,0,0,0,0,356.78714752197266,321.2412643432617,-11.847050189971924,Bouche ouverte,SALUER
1767436473976,1,0,0,0,0,0,356.78714752197266,321.2412643432617,-11.847050189971924,surprised,SALUER
1767436473976,2,0,0,0,0,0,360.9656524658203,326.2585258483887,-11.453052759170532,Bouche ouverte,SALUER
1767436474024,2,0,0,0,0,0,360.9656524658203,326.2585258483887,-11.453052759170532,surprised,SALUER
1767436474024,1,0,0,0,0,0,355.8547592163086,326.2617874145508,-10.935783386230469,Bouche ouverte,SALUER
1767436474078,1,0,0,0,0,0,355.8547592163086,326.2617874145508,-10.935783386230469,surprised,SALUER
1767436474078,1,0,0,0,0,0,354.2676544189453,327.70946502685547,-10.195144414901733,Bouche ouverte,SALUER
1767436474127,1,0,0,0,0,0,354.2676544189453,327.70946502685547,-10.195144414901733,surprised,SALUER
1767436474128,1,0,0,0,0,0,351.05323791503906,324.0659523010254,-10.710231065750122,Bouche ouverte,SALUER
1767436474172,1,0,0,0,0,0,351.05323791503906,324.0659523010254,-10.710231065750122,surprised,SALUER
1767436474172,2,0,0,0,0,0,346.4653015136719,324.91490364074707,-10.954922437667847,Bouche ouverte,SALUER
1767436474231,2,0,0,0,0,0,346.4653015136719,324.91490364074707,-10.954922437667847,surprised,SALUER
1767436474231,2,0,0,0,0,0,344.7040557861328,322.87379264831543,-11.321007013320923,Bouche ouverte,SALUER
1767436474282,2,0,0,0,0,0,344.7040557861328,322.87379264831543,-11.321007013320923,surprised,SALUER
1767436474282,2,0,0,0,0,0,345.26729583740234,323.39295387268066,-11.190260648727417,Bouche ouverte,SALUER
1767436474343,2,0,0,0,0,0,345.26729583740234,323.39295387268066,-11.190260648727417,surprised,SALUER
1767436474343,2,0,0,0,0,0,343.0513381958008,321.4994716644287,-11.120723485946655,Bouche ouverte,SALUER
1767436474390,2,0,0,0,0,0,343.0513381958008,321.4994716644287,-11.120723485946655,surprised,SALUER
1767436474390,2,0,0,0,0,0,339.43870544433594,325.1920509338379,-10.961943864822388,Bouche ouverte,SALUER
1767436474443,2,0,0,0,0,0,339.43870544433594,325.1920509338379,-10.961943864822388,surprised,SALUER
1767436474443,1,0,0,0,0,0,336.5703582763672,324.68235969543457,-10.324153900146484,Bouche ouverte,SALUER
1767436474495,1,0,0,0,0,0,336.5703582763672,324.68235969543457,-10.324153900146484,surprised,SALUER
1767436474495,1,0,0,0,0,0,335.17398834228516,325.27318954467773,-9.868470430374146,Bouche ouverte,SALUER
1767436474545,1,0,0,0,0,0,335.17398834228516,325.27318954467773,-9.868470430374146,surprised,SALUER
1767436474545,2,0,0,0,0,0,334.64282989501953,323.5553741455078,-10.924285650253296,Bouche ouverte,SALUER
1767436474600,2,0,0,0,0,0,334.64282989501953,323.5553741455078,-10.924285650253296,surprised,SALUER
1767436474600,1,0,0,0,0,0,334.3418884277344,323.789119720459,-10.388164520263672,Bouche ouverte,SALUER
1767436474650,1,0,0,0,0,0,334.3418884277344,323.789119720459,-10.388164520263672,surprised,SALUER
1767436474651,2,0,0,0,0,0,335.0035858154297,323.7516689300537,-11.138699054718018,Bouche ouverte,SALUER
1767436474700,2,0,0,0,0,0,335.0035858154297,323.7516689300537,-11.138699054718018,surprised,SALUER
1767436474700,2,0,0,0,0,0,334.05517578125,322.63017654418945,-10.306777954101562,Bouche ouverte,SALUER
1767436474757,2,0,0,0,0,0,334.05517578125,322.63017654418945,-10.306777954101562,surprised,SALUER
1767436474757,1,0,0,0,0,0,343.47808837890625,313.553524017334,-11.964914798736572,Bouche ouverte,SALUER
1767436474816,1,0,0,0,0,0,343.47808837890625,313.553524017334,-11.964914798736572,surprised,SALUER
1767436474816,2,0,0,0,0,0,345.14583587646484,310.2351951599121,-12.533317804336548,Bouche ouverte,SALUER
1767436474874,2,0,0,0,0,0,345.14583587646484,310.2351951599121,-12.533317804336548,surprised,SALUER
1767436474874,2,0,0,0,0,0,350.7249450683594,305.6183624267578,-14.777034521102905,Bouche ouverte,SALUER
1767436474926,2,0,0,0,0,0,350.7249450683594,305.6183624267578,-14.777034521102905,surprised,SALUER
1767436474926,1,0,0,0,0,0,347.65464782714844,306.8063449859619,-15.886104106903076,Bouche ouverte,SALUER
1767436474997,1,0,0,0,0,0,347.65464782714844,306.8063449859619,-15.886104106903076,surprised,S_ASSOIR
1767436474998,1,0,0,0,0,0,352.2061538696289,306.073694229126,-14.936168193817139,Bouche ouverte,S_ASSOIR
1767436475055,1,0,0,0,0,0,352.2061538696289,306.073694229126,-14.936168193817139,surprised,S_ASSOIR
1767436475055,1,0,0,0,0,0,351.7423629760742,309.2340660095215,-15.352635383605957,Bouche ouverte,S_ASSOIR
1767436475113,1,0,0,0,0,0,351.7423629760742,309.2340660095215,-15.352635383605957,surprised,S_ASSOIR
1767436475113,1,0,0,0,0,0,356.24420166015625,308.4059143066406,-14.222544431686401,Bouche ouverte,S_ASSOIR
1767436475169,1,0,0,0,0,0,356.24420166015625,308.4059143066406,-14.222544431686401,surprised,S_ASSOIR
1767436475169,1,0,0,0,0,0,356.5038299560547,304.789981842041,-13.974535465240479,Bouche ouverte,S_ASSOIR
1767436475228,1,0,0,0,0,0,356.5038299560547,304.789981842041,-13.974535465240479,surprised,S_ASSOIR
1767436475229,1,0,0,0,0,0,356.6286087036133,305.2591323852539,-14.121031761169434,Bouche ouverte,S_ASSOIR
1767436475286,1,0,0,0,0,0,356.6286087036133,305.2591323852539,-14.121031761169434,surprised,S_ASSOIR
1767436475286,2,0,0,0,0,0,354.00184631347656,308.31424713134766,-12.720654010772705,Bouche ouverte,S_ASSOIR
1767436475344,2,0,0,0,0,0,354.00184631347656,308.31424713134766,-12.720654010772705,surprised,S_ASSOIR
1767436475344,2,0,0,0,0,0,357.9716491699219,311.323184967041,-12.808749675750732,Bouche ouverte,S_ASSOIR
1767436475397,2,0,0,0,0,0,357.9716491699219,311.323184967041,-12.808749675750732,surprised,S_ASSOIR
1767436475397,1,0,0,0,0,0,349.73255157470703,315.5631923675537,-12.119842767715454,Bouche ouverte,S_ASSOIR
1767436475458,1,0,0,0,0,0,349.73255157470703,315.5631923675537,-12.119842767715454,surprised,SALUER
1767436475458,1,0,0,0,0,0,345.25806427001953,315.8106994628906,-11.76512598991394,Bouche ouverte,SALUER
1767436475513,1,0,0,0,0,0,345.25806427001953,315.8106994628906,-11.76512598991394,surprised,SALUER
1767436475513,2,0,0,0,0,0,340.3269958496094,315.13895988464355,-11.468819379806519,Bouche ouverte,SALUER
1767436475578,2,0,0,0,0,0,340.3269958496094,315.13895988464355,-11.468819379806519,surprised,SALUER
1767436475578,2,0,0,0,0,0,334.83943939208984,314.23808097839355,-11.24329686164856,Bouche ouverte,SALUER
1767436475635,2,0,0,0,0,0,334.83943939208984,314.23808097839355,-11.24329686164856,surprised,SALUER
1767436475635,1,0,0,0,0,0,327.03819274902344,316.47050857543945,-10.77422022819519,Bouche ouverte,SALUER
1767436475693,1,0,0,0,0,0,327.03819274902344,316.47050857543945,-10.77422022819519,surprised,SALUER
1767436475694,1,0,0,0,0,0,325.1728820800781,314.15239334106445,-10.296270847320557,Bouche ouverte,SALUER
1767436475812,1,0,0,0,0,0,325.1728820800781,314.15239334106445,-10.296270847320557,surprised,SALUER
1767436475812,2,0,0,0,0,0,327.4248504638672,311.5411949157715,-11.513655185699463,Bouche ouverte,SALUER
1767436475812,2,0,0,0,0,0,327.4248504638672,311.5411949157715,-11.513655185699463,Bouche ouverte,SALUER
1767436475812,2,0,0,0,0,0,323.1760025024414,307.6710319519043,-12.81123399734497,Bouche ouverte,SALUER
1767436475864,2,0,0,0,0,0,323.1760025024414,307.6710319519043,-12.81123399734497,surprised,S_ASSOIR
1767436475865,2,0,0,0,0,0,318.85454177856445,307.5945568084717,-12.10970163345337,Bouche ouverte,S_ASSOIR
1767436475917,2,0,0,0,0,0,318.85454177856445,307.5945568084717,-12.10970163345337,surprised,S_ASSOIR
1767436475917,2,0,0,0,0,0,322.2669219970703,307.73197174072266,-12.36027717590332,Bouche ouverte,S_ASSOIR
1767436475968,2,0,0,0,0,0,322.2669219970703,307.73197174072266,-12.36027717590332,surprised,S_ASSOIR
1767436475968,2,0,0,0,0,0,325.4240417480469,310.979061126709,-12.812825441360474,Bouche ouverte,S_ASSOIR
